Patient_ID	Signal_Name	Lead_Index	Lead_Name	Segment_Index	LogEn	ShaEn	CorrDim
ecg_db_patient_01	s0010_re	1	s0010_re_L1	1	9227.80328877955	11.4467213291039	0.0200464634731446
ecg_db_patient_01	s0010_re	1	s0010_re_L1	2	-3092.2440617844	11.2136871154662	0.0919916163733239
ecg_db_patient_01	s0010_re	1	s0010_re_L1	3	-12522.6473340877	10.5192065700435	0.163542334789526
ecg_db_patient_01	s0010_re	1	s0010_re_L1	4	-15610.1123171571	10.1769839783839	0.196545036741496
ecg_db_patient_01	s0010_re	1	s0010_re_L1	5	-18260.6847784693	9.9692668153458	0.264679174768314
ecg_db_patient_01	s0010_re	1	s0010_re_L1	6	-16354.9330800371	10.1491131664639	0.219514658720739
ecg_db_patient_01	s0010_re	2	s0010_re_L2	1	4698.34695428871	11.3781310966388	0.0355359713138557
ecg_db_patient_01	s0010_re	2	s0010_re_L2	2	-6491.47167148373	10.9543724225105	0.122198429332593
ecg_db_patient_01	s0010_re	2	s0010_re_L2	3	-14704.3173598643	10.199636321296	0.209962374687508
ecg_db_patient_01	s0010_re	2	s0010_re_L2	4	-17601.1007538256	9.9009066166932	0.246740233832479
ecg_db_patient_01	s0010_re	2	s0010_re_L2	5	-16641.0368488608	10.0011265208876	0.290133077447539
ecg_db_patient_01	s0010_re	2	s0010_re_L2	6	-10268.5414111022	10.6321380381894	0.179504052927956
ecg_db_patient_01	s0010_re	3	s0010_re_L3	1	-14484.5277519199	9.7608532205736	0.171775460215651
ecg_db_patient_01	s0010_re	3	s0010_re_L3	2	-15034.2435753765	9.64502649860434	0.246634175904649
ecg_db_patient_01	s0010_re	3	s0010_re_L3	3	-15677.0281183617	9.64293155936173	0.26372364334234
ecg_db_patient_01	s0010_re	3	s0010_re_L3	4	-14742.9297810061	9.63253963625405	0.248959369712886
ecg_db_patient_01	s0010_re	3	s0010_re_L3	5	-15926.8979635317	9.65239339022304	0.253487033155728
ecg_db_patient_01	s0010_re	3	s0010_re_L3	6	-14547.9197842309	9.62421735526211	0.231153253705714
ecg_db_patient_01	s0010_re	4	s0010_re_L4	1	-1512.52087783812	8.75524431308595	0.0475735461225727
ecg_db_patient_01	s0010_re	4	s0010_re_L4	2	-10732.1734040222	10.6313604742474	0.155750612358274
ecg_db_patient_01	s0010_re	4	s0010_re_L4	3	-15484.5432907175	10.1626239651529	0.206464483220121
ecg_db_patient_01	s0010_re	4	s0010_re_L4	4	-15741.4673537687	10.1420574674176	0.205984697356127
ecg_db_patient_01	s0010_re	4	s0010_re_L4	5	-17340.9570405037	10.0624562997703	0.268222519633343
ecg_db_patient_01	s0010_re	4	s0010_re_L4	6	-14451.4731017485	10.2893725820337	0.185271584050908
ecg_db_patient_01	s0010_re	5	s0010_re_L5	1	2572.84688053539	11.1875314233645	0.0418878311153759
ecg_db_patient_01	s0010_re	5	s0010_re_L5	2	-7997.53319245723	10.8265706824336	0.137228857857125
ecg_db_patient_01	s0010_re	5	s0010_re_L5	3	-15008.6697907801	10.1589647238227	0.216194035504154
ecg_db_patient_01	s0010_re	5	s0010_re_L5	4	-17190.8318260848	9.95034948770645	0.240470695184465
ecg_db_patient_01	s0010_re	5	s0010_re_L5	5	-20049.1012461329	9.75028585888296	0.326772051210828
ecg_db_patient_01	s0010_re	5	s0010_re_L5	6	-17958.7859516241	9.92400972541065	0.253524910987096
ecg_db_patient_01	s0010_re	6	s0010_re_L6	1	-10335.1166707773	10.2534434597341	0.123416580389384
ecg_db_patient_01	s0010_re	6	s0010_re_L6	2	-14666.4242839048	9.7429473150132	0.203163051438095
ecg_db_patient_01	s0010_re	6	s0010_re_L6	3	-15003.8764997667	9.68933840533177	0.236137976313729
ecg_db_patient_01	s0010_re	6	s0010_re_L6	4	-14661.7222369142	9.63575893255096	0.254775384459988
ecg_db_patient_01	s0010_re	6	s0010_re_L6	5	-14487.4527133926	9.71481654014104	0.251529001792884
ecg_db_patient_01	s0010_re	6	s0010_re_L6	6	-13699.5077400257	9.88655173849398	0.205372086563471
ecg_db_patient_01	s0010_re	7	s0010_re_L7	1	5833.2890592816	11.131516820277	0.0275977879346481
ecg_db_patient_01	s0010_re	7	s0010_re_L7	2	-6282.42492186399	11.0380244385826	0.113610262367112
ecg_db_patient_01	s0010_re	7	s0010_re_L7	3	-13636.8622256004	10.3461833334815	0.175724350395192
ecg_db_patient_01	s0010_re	7	s0010_re_L7	4	-15569.0815544625	10.1359168378657	0.204352415343047
ecg_db_patient_01	s0010_re	7	s0010_re_L7	5	-17674.918453075	10.0382131899825	0.252895128910886
ecg_db_patient_01	s0010_re	7	s0010_re_L7	6	-13562.8844558551	10.3081457152359	0.207792732506755
ecg_db_patient_01	s0010_re	8	s0010_re_L8	1	2113.66151928121	11.160256556996	0.0437943486275599
ecg_db_patient_01	s0010_re	8	s0010_re_L8	2	-8661.73676112314	10.7849802459852	0.141518143481225
ecg_db_patient_01	s0010_re	8	s0010_re_L8	3	-15558.8069134538	10.0993064685229	0.220943915557688
ecg_db_patient_01	s0010_re	8	s0010_re_L8	4	-17078.294549434	9.90366824560389	0.250491149213404
ecg_db_patient_01	s0010_re	8	s0010_re_L8	5	-18792.7458731038	9.8874694307685	0.306325092800687
ecg_db_patient_01	s0010_re	8	s0010_re_L8	6	-13860.2728329816	10.3053242685532	0.219054064291306
ecg_db_patient_01	s0010_re	9	s0010_re_L9	1	-11596.3102259313	10.0875899435565	0.155598595995051
ecg_db_patient_01	s0010_re	9	s0010_re_L9	2	-14513.1094676856	9.71636504461291	0.212598166712962
ecg_db_patient_01	s0010_re	9	s0010_re_L9	3	-14832.0139587846	9.68578356498496	0.239188404333224
ecg_db_patient_01	s0010_re	9	s0010_re_L9	4	-14818.5522652803	9.64314305642167	0.254442564581703
ecg_db_patient_01	s0010_re	9	s0010_re_L9	5	-14119.9790384727	9.74353148869863	0.248156864725638
ecg_db_patient_01	s0010_re	9	s0010_re_L9	6	-12855.7139255221	10.0117667200935	0.196580389384106
ecg_db_patient_01	s0010_re	10	s0010_re_L10	1	2847.399602357	10.176134701042	0.0352829474003182
ecg_db_patient_01	s0010_re	10	s0010_re_L10	2	-8166.35978960098	10.8708913458936	0.131437084922098
ecg_db_patient_01	s0010_re	10	s0010_re_L10	3	-14270.1135865288	10.244694518073	0.187192747657887
ecg_db_patient_01	s0010_re	10	s0010_re_L10	4	-15559.7050708869	10.1164297926105	0.208516956642509
ecg_db_patient_01	s0010_re	10	s0010_re_L10	5	-18025.719378089	9.98169056782351	0.252894623873134
ecg_db_patient_01	s0010_re	10	s0010_re_L10	6	-16751.2834582293	10.1492101370306	0.2219115678897
ecg_db_patient_01	s0010_re	11	s0010_re_L11	1	-4341.23221909733	8.45063347467011	0.0660963106992248
ecg_db_patient_01	s0010_re	11	s0010_re_L11	2	-13390.1272646963	10.3565080621647	0.187175071336582
ecg_db_patient_01	s0010_re	11	s0010_re_L11	3	-17593.3384961284	9.92051225864703	0.249947223554961
ecg_db_patient_01	s0010_re	11	s0010_re_L11	4	-17484.1345044719	9.89047200200819	0.2541526729123
ecg_db_patient_01	s0010_re	11	s0010_re_L11	5	-19204.6875529733	9.84134592367783	0.313768339183354
ecg_db_patient_01	s0010_re	11	s0010_re_L11	6	-15829.2372996973	10.0956941016349	0.241805004924118
ecg_db_patient_01	s0010_re	12	s0010_re_L12	1	-14211.4175816786	8.98756354472259	0.153814297618747
ecg_db_patient_01	s0010_re	12	s0010_re_L12	2	-14783.8575027011	9.62951860371282	0.255154162773667
ecg_db_patient_01	s0010_re	12	s0010_re_L12	3	-15794.3514500563	9.62886965186593	0.275269816418777
ecg_db_patient_01	s0010_re	12	s0010_re_L12	4	-14678.8700609654	9.63693721256633	0.250044695841014
ecg_db_patient_01	s0010_re	12	s0010_re_L12	5	-14923.109713435	9.66801114414979	0.254012777455115
ecg_db_patient_01	s0010_re	12	s0010_re_L12	6	-14092.9123348689	9.74042670183527	0.242675690007828
ecg_db_patient_01	s0010_re	13	s0010_re_L13	1	8897.04925881902	11.4439224322907	0.0210620943915558
ecg_db_patient_01	s0010_re	13	s0010_re_L13	2	-3772.10025961438	11.1980761231885	0.0948758869725512
ecg_db_patient_01	s0010_re	13	s0010_re_L13	3	-12642.1830603765	10.4943596134933	0.167070528522007
ecg_db_patient_01	s0010_re	13	s0010_re_L13	4	-15760.0464722868	10.1715451411131	0.200750486098836
ecg_db_patient_01	s0010_re	13	s0010_re_L13	5	-18404.4045867942	9.96553758216236	0.263451427994243
ecg_db_patient_01	s0010_re	13	s0010_re_L13	6	-16310.5132793112	10.1423705358682	0.222901441882781
ecg_db_patient_01	s0010_re	14	s0010_re_L14	1	4893.46763186907	11.3798103395473	0.0348960884826141
ecg_db_patient_01	s0010_re	14	s0010_re_L14	2	-6290.23010373417	10.9742007966505	0.120791899194465
ecg_db_patient_01	s0010_re	14	s0010_re_L14	3	-14369.1716393573	10.217285279315	0.209119466680134
ecg_db_patient_01	s0010_re	14	s0010_re_L14	4	-17345.8715487389	9.91116466429776	0.245055932930987
ecg_db_patient_01	s0010_re	14	s0010_re_L14	5	-16633.9376988723	10.0037402818906	0.289883588798263
ecg_db_patient_01	s0010_re	14	s0010_re_L14	6	-10388.9411902961	10.6260986638483	0.180863109517436
ecg_db_patient_01	s0010_re	15	s0010_re_L15	1	-13484.9770559521	9.87394444864602	0.144769576525845
ecg_db_patient_01	s0010_re	15	s0010_re_L15	2	-14528.8564013918	9.67098950613925	0.231809297745006
ecg_db_patient_01	s0010_re	15	s0010_re_L15	3	-15519.8167323989	9.64766093269436	0.258279841418146
ecg_db_patient_01	s0010_re	15	s0010_re_L15	4	-14646.2907578208	9.63282923369498	0.249226534683468
ecg_db_patient_01	s0010_re	15	s0010_re_L15	5	-15874.2569853476	9.65216331597169	0.252006767505871
ecg_db_patient_01	s0010_re	15	s0010_re_L15	6	-14453.371711707	9.6285105465175	0.22929471477993
ecg_db_patient_01	s0014lre	1	s0014lre_L1	1	-31305.2391851812	9.47480452362959	0.71952122421151
ecg_db_patient_01	s0014lre	1	s0014lre_L1	2	-31355.5596331752	9.47897471732638	0.743852427968991
ecg_db_patient_01	s0014lre	1	s0014lre_L1	3	-31440.1494076917	9.48785736874441	0.741515618292467
ecg_db_patient_01	s0014lre	1	s0014lre_L1	4	-30951.9150993187	9.46895865999735	0.741545920557562
ecg_db_patient_01	s0014lre	1	s0014lre_L1	5	-31102.5112441671	9.45561873913027	0.742953965808944
ecg_db_patient_01	s0014lre	1	s0014lre_L1	6	-31242.8425480175	9.49649258665283	0.737687937173304
ecg_db_patient_01	s0014lre	1	s0014lre_L1	7	-31149.5615027327	9.46764597122445	0.741890861341885
ecg_db_patient_01	s0014lre	1	s0014lre_L1	8	-31446.4985716961	9.46119527587527	0.740611600717154
ecg_db_patient_01	s0014lre	1	s0014lre_L1	9	-31487.2948518726	9.48514523220435	0.744397868740688
ecg_db_patient_01	s0014lre	1	s0014lre_L1	10	-31633.5934641402	9.47831033253241	0.739965152395141
ecg_db_patient_01	s0014lre	1	s0014lre_L1	11	-31552.3620906519	9.46378762899966	0.737749551778995
ecg_db_patient_01	s0014lre	1	s0014lre_L1	12	-31235.312941544	9.5175406739894	0.739812630994167
ecg_db_patient_01	s0014lre	1	s0014lre_L1	13	-31309.7962899394	9.4858494918825	0.741976717759653
ecg_db_patient_01	s0014lre	1	s0014lre_L1	14	-31738.9780588018	9.45998355160672	0.749278553571879
ecg_db_patient_01	s0014lre	1	s0014lre_L1	15	-31549.1022150582	9.40358527248679	0.745581172192621
ecg_db_patient_01	s0014lre	1	s0014lre_L1	16	-32274.4486674058	9.41828252270326	0.739031337592485
ecg_db_patient_01	s0014lre	1	s0014lre_L1	17	-31877.3527593888	9.51018516662246	0.739734350142673
ecg_db_patient_01	s0014lre	1	s0014lre_L1	18	-31768.2592263946	9.45666853835881	0.739453549152799
ecg_db_patient_01	s0014lre	2	s0014lre_L2	1	-40782.0159931165	9.83263547326102	0.654212772404737
ecg_db_patient_01	s0014lre	2	s0014lre_L2	2	-41835.9174191143	9.54716317998082	0.793578444988763
ecg_db_patient_01	s0014lre	2	s0014lre_L2	3	-42213.7108369798	9.53427930267743	0.790027019519709
ecg_db_patient_01	s0014lre	2	s0014lre_L2	4	-42653.9687342157	9.51896345413256	0.799185879144466
ecg_db_patient_01	s0014lre	2	s0014lre_L2	5	-41719.3024923544	9.54961861752674	0.793198151561829
ecg_db_patient_01	s0014lre	2	s0014lre_L2	6	-41942.6608504261	9.53062313426126	0.790678518219237
ecg_db_patient_01	s0014lre	2	s0014lre_L2	7	-42100.9915043823	9.54292034059517	0.800773717835408
ecg_db_patient_01	s0014lre	2	s0014lre_L2	8	-41734.5804174868	9.54223980911129	0.797325320067675
ecg_db_patient_01	s0014lre	2	s0014lre_L2	9	-42337.707789048	9.57966492343111	0.793809247241231
ecg_db_patient_01	s0014lre	2	s0014lre_L2	10	-41889.0959274858	9.56137295716026	0.800367162445393
ecg_db_patient_01	s0014lre	2	s0014lre_L2	11	-41276.964855193	9.54638626431597	0.80213984495341
ecg_db_patient_01	s0014lre	2	s0014lre_L2	12	-41022.6256340532	9.59224545982364	0.789579051034065
ecg_db_patient_01	s0014lre	2	s0014lre_L2	13	-42136.9789725011	9.52969853075406	0.795064266053888
ecg_db_patient_01	s0014lre	2	s0014lre_L2	14	-42267.3221967418	9.53535538774695	0.794041564606954
ecg_db_patient_01	s0014lre	2	s0014lre_L2	15	-42010.1680837896	9.51805303648172	0.791221433802177
ecg_db_patient_01	s0014lre	2	s0014lre_L2	16	-40863.7140930313	9.62632382925188	0.784271104265044
ecg_db_patient_01	s0014lre	2	s0014lre_L2	17	-41383.1309679891	9.6158771554151	0.777355622332769
ecg_db_patient_01	s0014lre	2	s0014lre_L2	18	-41669.9771536579	9.55092964436897	0.795352642610035
ecg_db_patient_01	s0014lre	3	s0014lre_L3	1	-32784.25195809	9.10063057400822	0.687882124188783
ecg_db_patient_01	s0014lre	3	s0014lre_L3	2	-33011.7089166762	8.86049003118367	0.845313502184288
ecg_db_patient_01	s0014lre	3	s0014lre_L3	3	-33696.6437545297	8.86280655671766	0.849155829398248
ecg_db_patient_01	s0014lre	3	s0014lre_L3	4	-33146.041178331	8.85999144453169	0.846505391277998
ecg_db_patient_01	s0014lre	3	s0014lre_L3	5	-33516.9835514942	8.85514143548836	0.850981035832428
ecg_db_patient_01	s0014lre	3	s0014lre_L3	6	-33404.6708550146	8.87195408041223	0.846536703618595
ecg_db_patient_01	s0014lre	3	s0014lre_L3	7	-33855.2605010631	8.86279480354781	0.848805333198657
ecg_db_patient_01	s0014lre	3	s0014lre_L3	8	-33439.2334901785	8.86267991860234	0.851938082371657
ecg_db_patient_01	s0014lre	3	s0014lre_L3	9	-33418.4353117353	8.86194082220609	0.84622964066564
ecg_db_patient_01	s0014lre	3	s0014lre_L3	10	-33292.340277215	8.85589536519825	0.844866543774147
ecg_db_patient_01	s0014lre	3	s0014lre_L3	11	-33540.8933412576	8.85707687668012	0.846511451731017
ecg_db_patient_01	s0014lre	3	s0014lre_L3	12	-33553.1659630076	8.87452848838804	0.83815913739552
ecg_db_patient_01	s0014lre	3	s0014lre_L3	13	-33424.1864601671	8.88971218884796	0.831866367010934
ecg_db_patient_01	s0014lre	3	s0014lre_L3	14	-33191.855880897	8.87580539435523	0.85035175879397
ecg_db_patient_01	s0014lre	3	s0014lre_L3	15	-33651.0374884696	8.88313445239777	0.835162748415444
ecg_db_patient_01	s0014lre	3	s0014lre_L3	16	-33275.4793235695	8.82456163194901	0.849850256306659
ecg_db_patient_01	s0014lre	3	s0014lre_L3	17	-33499.6756260793	8.85361986349704	0.84562561551476
ecg_db_patient_01	s0014lre	3	s0014lre_L3	18	-33150.301985339	8.92361180406065	0.840543420620691
ecg_db_patient_01	s0014lre	4	s0014lre_L4	1	-31188.097349293	9.47892453702425	0.718458119744451
ecg_db_patient_01	s0014lre	4	s0014lre_L4	2	-31560.5721496965	9.45273972791602	0.74585389257847
ecg_db_patient_01	s0014lre	4	s0014lre_L4	3	-31298.8074848949	9.50230458062329	0.737477336430898
ecg_db_patient_01	s0014lre	4	s0014lre_L4	4	-31014.3055858134	9.46915763433407	0.744996338476301
ecg_db_patient_01	s0014lre	4	s0014lre_L4	5	-31332.7449867849	9.44753408894198	0.745144819575263
ecg_db_patient_01	s0014lre	4	s0014lre_L4	6	-31274.9213734888	9.50574449967054	0.739263149920457
ecg_db_patient_01	s0014lre	4	s0014lre_L4	7	-31284.2025783378	9.46524632102344	0.740209085629151
ecg_db_patient_01	s0014lre	4	s0014lre_L4	8	-31466.9857629836	9.46517853801768	0.738455594555693
ecg_db_patient_01	s0014lre	4	s0014lre_L4	9	-31399.2130289288	9.46644735741616	0.740980278275801
ecg_db_patient_01	s0014lre	4	s0014lre_L4	10	-31689.583127295	9.49340487470305	0.73784096361203
ecg_db_patient_01	s0014lre	4	s0014lre_L4	11	-31245.205366566	9.46589493312051	0.737904093330977
ecg_db_patient_01	s0014lre	4	s0014lre_L4	12	-31457.9240115251	9.51574313999119	0.741880255549102
ecg_db_patient_01	s0014lre	4	s0014lre_L4	13	-31335.4605685272	9.49070980141905	0.742893361278756
ecg_db_patient_01	s0014lre	4	s0014lre_L4	14	-32093.6965480613	9.44313709773678	0.748636650589632
ecg_db_patient_01	s0014lre	4	s0014lre_L4	15	-31720.2114541917	9.40074348411598	0.750016918764678
ecg_db_patient_01	s0014lre	4	s0014lre_L4	16	-32402.0848044623	9.41346798485228	0.73492033029469
ecg_db_patient_01	s0014lre	4	s0014lre_L4	17	-32000.4475156922	9.50285637174843	0.73949243705967
ecg_db_patient_01	s0014lre	4	s0014lre_L4	18	-31534.6632281027	9.48625238516127	0.738799525264514
ecg_db_patient_01	s0014lre	5	s0014lre_L5	1	-40791.5876863639	9.83141669634386	0.655358703063054
ecg_db_patient_01	s0014lre	5	s0014lre_L5	2	-41750.2837896078	9.55138283312558	0.794428423524658
ecg_db_patient_01	s0014lre	5	s0014lre_L5	3	-42236.8064393995	9.53651809301033	0.789153809247241
ecg_db_patient_01	s0014lre	5	s0014lre_L5	4	-42576.6136397771	9.51591910448655	0.797675311229514
ecg_db_patient_01	s0014lre	5	s0014lre_L5	5	-41833.4213777683	9.536703971983	0.79346834675892
ecg_db_patient_01	s0014lre	5	s0014lre_L5	6	-42224.802662165	9.51330903384083	0.791333047145274
ecg_db_patient_01	s0014lre	5	s0014lre_L5	7	-42044.6112390169	9.54149079054954	0.80058483371632
ecg_db_patient_01	s0014lre	5	s0014lre_L5	8	-41904.4206155137	9.54961883354789	0.795700108583117
ecg_db_patient_01	s0014lre	5	s0014lre_L5	9	-42337.8493940563	9.57469087052173	0.797437943486276
ecg_db_patient_01	s0014lre	5	s0014lre_L5	10	-41811.006723441	9.57342920481906	0.801994394080958
ecg_db_patient_01	s0014lre	5	s0014lre_L5	11	-41460.9395057115	9.55065163223707	0.80088684629176
ecg_db_patient_01	s0014lre	5	s0014lre_L5	12	-41406.9081488771	9.59159492242677	0.78983763036287
ecg_db_patient_01	s0014lre	5	s0014lre_L5	13	-42039.6610394198	9.53926867346775	0.79611575465266
ecg_db_patient_01	s0014lre	5	s0014lre_L5	14	-42129.0181700609	9.52801336736729	0.793530971440115
ecg_db_patient_01	s0014lre	5	s0014lre_L5	15	-41912.6371646147	9.51250671797949	0.79027145779147
ecg_db_patient_01	s0014lre	5	s0014lre_L5	16	-41359.1897519447	9.61041289247778	0.786882654478422
ecg_db_patient_01	s0014lre	5	s0014lre_L5	17	-41213.5124230529	9.62601193999398	0.776148582106512
ecg_db_patient_01	s0014lre	5	s0014lre_L5	18	-41614.8083086886	9.53521261929811	0.796671801217141
ecg_db_patient_01	s0014lre	6	s0014lre_L6	1	-32696.1675527412	9.10244833807181	0.688432110300245
ecg_db_patient_01	s0014lre	6	s0014lre_L6	2	-32958.0096540143	8.85484684976544	0.84558066715487
ecg_db_patient_01	s0014lre	6	s0014lre_L6	3	-33707.9307254617	8.86004423140681	0.848696750082069
ecg_db_patient_01	s0014lre	6	s0014lre_L6	4	-33173.0011236083	8.86807993184914	0.844536249084619
ecg_db_patient_01	s0014lre	6	s0014lre_L6	5	-33533.7905146874	8.85541627644586	0.851607282644378
ecg_db_patient_01	s0014lre	6	s0014lre_L6	6	-33397.5187706389	8.8762016385611	0.847007903840812
ecg_db_patient_01	s0014lre	6	s0014lre_L6	7	-33872.4110095472	8.85746938893825	0.849038155602131
ecg_db_patient_01	s0014lre	6	s0014lre_L6	8	-33391.2191758752	8.86528716793686	0.849972980480291
ecg_db_patient_01	s0014lre	6	s0014lre_L6	9	-33376.9751161341	8.86998548836074	0.844389788136663
ecg_db_patient_01	s0014lre	6	s0014lre_L6	10	-33269.8296390105	8.8621013650857	0.843864043837277
ecg_db_patient_01	s0014lre	6	s0014lre_L6	11	-33476.8858715529	8.85936569697227	0.8462811545163
ecg_db_patient_01	s0014lre	6	s0014lre_L6	12	-33443.8304066775	8.87103674212281	0.840855028913411
ecg_db_patient_01	s0014lre	6	s0014lre_L6	13	-33396.2280374223	8.89187131649694	0.831618393474912
ecg_db_patient_01	s0014lre	6	s0014lre_L6	14	-33266.8343579434	8.87032583601134	0.850643165576627
ecg_db_patient_01	s0014lre	6	s0014lre_L6	15	-33600.2570248101	8.88435498465801	0.835518294992551
ecg_db_patient_01	s0014lre	6	s0014lre_L6	16	-33306.6904998747	8.82764597987007	0.847182141865104
ecg_db_patient_01	s0014lre	6	s0014lre_L6	17	-33447.8096832627	8.84842921797213	0.848063432741597
ecg_db_patient_01	s0014lre	6	s0014lre_L6	18	-33163.5453188799	8.92493399383184	0.841718138430848
ecg_db_patient_01	s0014lre	7	s0014lre_L7	1	-31001.0459592689	9.4923051808073	0.715659705562991
ecg_db_patient_01	s0014lre	7	s0014lre_L7	2	-31197.2985963523	9.45848633867693	0.742643367591727
ecg_db_patient_01	s0014lre	7	s0014lre_L7	3	-31049.3531339263	9.50391296149904	0.73422640842403
ecg_db_patient_01	s0014lre	7	s0014lre_L7	4	-30950.8294847461	9.47032592219782	0.748196257670261
ecg_db_patient_01	s0014lre	7	s0014lre_L7	5	-31419.3220942112	9.45289803613775	0.745623595363753
ecg_db_patient_01	s0014lre	7	s0014lre_L7	6	-31342.0155247693	9.51019335556052	0.741399964647357
ecg_db_patient_01	s0014lre	7	s0014lre_L7	7	-31258.0282191222	9.45435453370945	0.739988384131714
ecg_db_patient_01	s0014lre	7	s0014lre_L7	8	-31545.5494519136	9.46505421490442	0.74137824802404
ecg_db_patient_01	s0014lre	7	s0014lre_L7	9	-31643.0589566962	9.4619554911359	0.738698012676448
ecg_db_patient_01	s0014lre	7	s0014lre_L7	10	-31503.8902092443	9.47220420286011	0.741489356329386
ecg_db_patient_01	s0014lre	7	s0014lre_L7	11	-31247.7661495554	9.45915579592921	0.737801570667407
ecg_db_patient_01	s0014lre	7	s0014lre_L7	12	-31626.9693728743	9.51603300155898	0.740263629706321
ecg_db_patient_01	s0014lre	7	s0014lre_L7	13	-31378.9459675027	9.47940858341766	0.744538774273377
ecg_db_patient_01	s0014lre	7	s0014lre_L7	14	-32020.578611803	9.43719469000231	0.748116461705512
ecg_db_patient_01	s0014lre	7	s0014lre_L7	15	-31425.9159945009	9.41092258525766	0.746734678417212
ecg_db_patient_01	s0014lre	7	s0014lre_L7	16	-32586.6279262639	9.41505733978071	0.735251635059721
ecg_db_patient_01	s0014lre	7	s0014lre_L7	17	-31777.3192825112	9.49410681034028	0.740478270750739
ecg_db_patient_01	s0014lre	7	s0014lre_L7	18	-31533.7010238906	9.48342610171946	0.734700638872756
ecg_db_patient_01	s0014lre	8	s0014lre_L8	1	-40778.6105013712	9.82619886690807	0.657020782303477
ecg_db_patient_01	s0014lre	8	s0014lre_L8	2	-41468.456775225	9.567055733283	0.792436049594707
ecg_db_patient_01	s0014lre	8	s0014lre_L8	3	-41926.7850248649	9.53072022273885	0.791156788969976
ecg_db_patient_01	s0014lre	8	s0014lre_L8	4	-42476.8893537664	9.5201661441196	0.794352162824171
ecg_db_patient_01	s0014lre	8	s0014lre_L8	5	-41843.7311736672	9.5307962888336	0.793136031918386
ecg_db_patient_01	s0014lre	8	s0014lre_L8	6	-42363.9730128234	9.51457827956207	0.790489634100149
ecg_db_patient_01	s0014lre	8	s0014lre_L8	7	-41954.8191866434	9.53168297433589	0.801949950758819
ecg_db_patient_01	s0014lre	8	s0014lre_L8	8	-42011.00235475	9.55076584161084	0.795871316380899
ecg_db_patient_01	s0014lre	8	s0014lre_L8	9	-41959.7135524253	9.569750518742	0.799075780914623
ecg_db_patient_01	s0014lre	8	s0014lre_L8	10	-41710.8346669391	9.5798469747569	0.801095426883159
ecg_db_patient_01	s0014lre	8	s0014lre_L8	11	-41592.6778465521	9.54181157131154	0.801201989848741
ecg_db_patient_01	s0014lre	8	s0014lre_L8	12	-41663.5122100611	9.58180600279996	0.792255246079644
ecg_db_patient_01	s0014lre	8	s0014lre_L8	13	-42066.1559176639	9.53912175072633	0.796947046791748
ecg_db_patient_01	s0014lre	8	s0014lre_L8	14	-41861.4345045564	9.53203070640364	0.79356783919598
ecg_db_patient_01	s0014lre	8	s0014lre_L8	15	-41718.071603844	9.52378780228151	0.790436100098482
ecg_db_patient_01	s0014lre	8	s0014lre_L8	16	-41485.2775708859	9.60368648947437	0.787769500770183
ecg_db_patient_01	s0014lre	8	s0014lre_L8	17	-40950.8058369055	9.63161168703506	0.776455645059468
ecg_db_patient_01	s0014lre	8	s0014lre_L8	18	-41814.5849926088	9.52428945811093	0.800190904270094
ecg_db_patient_01	s0014lre	9	s0014lre_L9	1	-32759.8003958518	9.10565816022111	0.688519986869018
ecg_db_patient_01	s0014lre	9	s0014lre_L9	2	-33032.5994209588	8.85336522418331	0.846312466856898
ecg_db_patient_01	s0014lre	9	s0014lre_L9	3	-33780.4611431949	8.86087808804078	0.848219489406833
ecg_db_patient_01	s0014lre	9	s0014lre_L9	4	-33122.6843142435	8.86772019431406	0.84667003358501
ecg_db_patient_01	s0014lre	9	s0014lre_L9	5	-33597.2517208293	8.85537389478847	0.851833539557082
ecg_db_patient_01	s0014lre	9	s0014lre_L9	6	-33436.1454117176	8.86986601813524	0.846035201131285
ecg_db_patient_01	s0014lre	9	s0014lre_L9	7	-33787.3228814861	8.85606893600681	0.852137572283528
ecg_db_patient_01	s0014lre	9	s0014lre_L9	8	-33434.0699409769	8.86665442731379	0.851631524456453
ecg_db_patient_01	s0014lre	9	s0014lre_L9	9	-33382.5225379712	8.86805383985611	0.846641751470922
ecg_db_patient_01	s0014lre	9	s0014lre_L9	10	-33312.2277739793	8.86847031250325	0.843036792000202
ecg_db_patient_01	s0014lre	9	s0014lre_L9	11	-33552.0274159364	8.86200187208185	0.846378121764602
ecg_db_patient_01	s0014lre	9	s0014lre_L9	12	-33551.99248903	8.86635472447976	0.84293022903462
ecg_db_patient_01	s0014lre	9	s0014lre_L9	13	-33350.3301671247	8.88978060023011	0.831447690714881
ecg_db_patient_01	s0014lre	9	s0014lre_L9	14	-33225.1688271266	8.86623752152785	0.850353273907225
ecg_db_patient_01	s0014lre	9	s0014lre_L9	15	-33459.1302527911	8.88628170673299	0.834313779955052
ecg_db_patient_01	s0014lre	9	s0014lre_L9	16	-33236.6753185587	8.82857018421182	0.844863513547638
ecg_db_patient_01	s0014lre	9	s0014lre_L9	17	-33327.5052458462	8.85078813407152	0.848907855862226
ecg_db_patient_01	s0014lre	9	s0014lre_L9	18	-33226.2693681223	8.92820696395675	0.841700462109543
ecg_db_patient_01	s0014lre	10	s0014lre_L10	1	-31181.4043838584	9.47994294608982	0.717551576980379
ecg_db_patient_01	s0014lre	10	s0014lre_L10	2	-31217.4869554944	9.48095992590427	0.739019216686447
ecg_db_patient_01	s0014lre	10	s0014lre_L10	3	-31307.2616900876	9.4888509000433	0.737234413272392
ecg_db_patient_01	s0014lre	10	s0014lre_L10	4	-31053.629724267	9.47332866889204	0.745683189818439
ecg_db_patient_01	s0014lre	10	s0014lre_L10	5	-31388.607487842	9.45314571768552	0.746330143178203
ecg_db_patient_01	s0014lre	10	s0014lre_L10	6	-31462.8238545265	9.50298850757476	0.743071134567309
ecg_db_patient_01	s0014lre	10	s0014lre_L10	7	-31104.6678813345	9.44000001193644	0.740887856367263
ecg_db_patient_01	s0014lre	10	s0014lre_L10	8	-31791.5259568866	9.45302402357376	0.744948359889902
ecg_db_patient_01	s0014lre	10	s0014lre_L10	9	-31696.4612310306	9.47961276249294	0.744441301987324
ecg_db_patient_01	s0014lre	10	s0014lre_L10	10	-31656.993490321	9.45214046935808	0.74755991010328
ecg_db_patient_01	s0014lre	10	s0014lre_L10	11	-31165.5969461084	9.45560939786362	0.739947981111588
ecg_db_patient_01	s0014lre	10	s0014lre_L10	12	-31801.0716612144	9.49702301108257	0.740795434458726
ecg_db_patient_01	s0014lre	10	s0014lre_L10	13	-31304.5221149187	9.46537279927901	0.74571551223454
ecg_db_patient_01	s0014lre	10	s0014lre_L10	14	-31702.1141507806	9.44420577494021	0.748758869725512
ecg_db_patient_01	s0014lre	10	s0014lre_L10	15	-31572.7303458151	9.41303781094497	0.743860003535264
ecg_db_patient_01	s0014lre	10	s0014lre_L10	16	-32717.6156718706	9.40692740722733	0.738942450948208
ecg_db_patient_01	s0014lre	10	s0014lre_L10	17	-31940.4973518058	9.48619841460188	0.740807555364764
ecg_db_patient_01	s0014lre	10	s0014lre_L10	18	-31753.1514427389	9.45118483410816	0.738823767076589
ecg_db_patient_01	s0014lre	11	s0014lre_L11	1	-40870.4189775519	9.82701095768225	0.655347592232519
ecg_db_patient_01	s0014lre	11	s0014lre_L11	2	-41666.6907368078	9.55458505012325	0.791133557233403
ecg_db_patient_01	s0014lre	11	s0014lre_L11	3	-41990.8844470768	9.52744278992682	0.790468422514583
ecg_db_patient_01	s0014lre	11	s0014lre_L11	4	-42285.566158758	9.52682762538332	0.793830963864549
ecg_db_patient_01	s0014lre	11	s0014lre_L11	5	-41676.0981089584	9.54195957047794	0.792464331708795
ecg_db_patient_01	s0014lre	11	s0014lre_L11	6	-41820.0860469071	9.52691569617218	0.789744198378829
ecg_db_patient_01	s0014lre	11	s0014lre_L11	7	-41877.0875967625	9.52734273848888	0.801733289563395
ecg_db_patient_01	s0014lre	11	s0014lre_L11	8	-41757.193381252	9.55100502183222	0.796058685386733
ecg_db_patient_01	s0014lre	11	s0014lre_L11	9	-42167.4670152885	9.5579835214403	0.798960127269513
ecg_db_patient_01	s0014lre	11	s0014lre_L11	10	-41695.3125000755	9.57139070451581	0.798934370344183
ecg_db_patient_01	s0014lre	11	s0014lre_L11	11	-41568.7548822204	9.54366683035909	0.800696447059418
ecg_db_patient_01	s0014lre	11	s0014lre_L11	12	-41831.0199527733	9.58005554724517	0.79175576374334
ecg_db_patient_01	s0014lre	11	s0014lre_L11	13	-41984.2428455759	9.53600165502299	0.79584252922906
ecg_db_patient_01	s0014lre	11	s0014lre_L11	14	-42411.8488162315	9.53789886435675	0.794530441150476
ecg_db_patient_01	s0014lre	11	s0014lre_L11	15	-41980.3723223494	9.52290342520799	0.791039115173859
ecg_db_patient_01	s0014lre	11	s0014lre_L11	16	-41241.2927056708	9.6066881519382	0.78901845912982
ecg_db_patient_01	s0014lre	11	s0014lre_L11	17	-40976.8431625126	9.62514885365405	0.77473094113785
ecg_db_patient_01	s0014lre	11	s0014lre_L11	18	-41796.4301580587	9.53014517411497	0.798500037877831
ecg_db_patient_01	s0014lre	12	s0014lre_L12	1	-32739.8167432263	9.10455073264937	0.689630564884725
ecg_db_patient_01	s0014lre	12	s0014lre_L12	2	-33026.1395287824	8.85767972344815	0.845187242746395
ecg_db_patient_01	s0014lre	12	s0014lre_L12	3	-33659.8480818465	8.86363627415048	0.84750839625262
ecg_db_patient_01	s0014lre	12	s0014lre_L12	4	-33154.0452712465	8.86259047979327	0.847808388677054
ecg_db_patient_01	s0014lre	12	s0014lre_L12	5	-33514.4067022219	8.85706101413002	0.851210322971642
ecg_db_patient_01	s0014lre	12	s0014lre_L12	6	-33395.4284297173	8.86376242839511	0.844133228958865
ecg_db_patient_01	s0014lre	12	s0014lre_L12	7	-33872.9081113083	8.85057382209935	0.85366733163304
ecg_db_patient_01	s0014lre	12	s0014lre_L12	8	-33472.404268408	8.85970826282639	0.852610287618999
ecg_db_patient_01	s0014lre	12	s0014lre_L12	9	-33278.4609629214	8.86613552863507	0.847623039822227
ecg_db_patient_01	s0014lre	12	s0014lre_L12	10	-33377.1575544697	8.86071102113444	0.843537789449761
ecg_db_patient_01	s0014lre	12	s0014lre_L12	11	-33448.8044383488	8.86466556675085	0.84876796040504
ecg_db_patient_01	s0014lre	12	s0014lre_L12	12	-33515.9962691901	8.86324955607007	0.841426226610439
ecg_db_patient_01	s0014lre	12	s0014lre_L12	13	-33289.6411824101	8.88637511626704	0.832978965177647
ecg_db_patient_01	s0014lre	12	s0014lre_L12	14	-33078.5073057902	8.86860460690025	0.849518446503876
ecg_db_patient_01	s0014lre	12	s0014lre_L12	15	-33545.3708135732	8.88522399618591	0.832534026918512
ecg_db_patient_01	s0014lre	12	s0014lre_L12	16	-33197.8707312288	8.82886355892219	0.843713542587308
ecg_db_patient_01	s0014lre	12	s0014lre_L12	17	-33465.5483987954	8.8566723278574	0.847242746395293
ecg_db_patient_01	s0014lre	12	s0014lre_L12	18	-33142.0851558415	8.93105510538241	0.840458069240676
ecg_db_patient_01	s0014lre	13	s0014lre_L13	1	-31155.985816107	9.48289088061174	0.717581374207722
ecg_db_patient_01	s0014lre	13	s0014lre_L13	2	-31259.7755783081	9.47880776645867	0.740151511325472
ecg_db_patient_01	s0014lre	13	s0014lre_L13	3	-31436.6392881843	9.47907805162586	0.742624681194919
ecg_db_patient_01	s0014lre	13	s0014lre_L13	4	-30921.2456794928	9.46632278490863	0.744514532461302
ecg_db_patient_01	s0014lre	13	s0014lre_L13	5	-31156.5405124146	9.4514813377787	0.743215070326507
ecg_db_patient_01	s0014lre	13	s0014lre_L13	6	-31171.82126999	9.49773527199073	0.739000530289639
ecg_db_patient_01	s0014lre	13	s0014lre_L13	7	-31178.0340412011	9.46482454291558	0.741287846266508
ecg_db_patient_01	s0014lre	13	s0014lre_L13	8	-31441.7120952662	9.45982748451523	0.743131739097498
ecg_db_patient_01	s0014lre	13	s0014lre_L13	9	-31698.6181947164	9.47982717878718	0.745422085300876
ecg_db_patient_01	s0014lre	13	s0014lre_L13	10	-31710.7291246428	9.4623800197365	0.744356960682811
ecg_db_patient_01	s0014lre	13	s0014lre_L13	11	-31422.403394199	9.45945436309758	0.738648518976794
ecg_db_patient_01	s0014lre	13	s0014lre_L13	12	-31559.8920087013	9.49031464046512	0.741956011211838
ecg_db_patient_01	s0014lre	13	s0014lre_L13	13	-31327.5345201147	9.46629987829638	0.745806419029822
ecg_db_patient_01	s0014lre	13	s0014lre_L13	14	-31454.3944986291	9.46421598966989	0.748160905027651
ecg_db_patient_01	s0014lre	13	s0014lre_L13	15	-31560.0184266108	9.41625286461133	0.744283730208833
ecg_db_patient_01	s0014lre	13	s0014lre_L13	16	-32374.4078966456	9.42534190787203	0.737655109719451
ecg_db_patient_01	s0014lre	13	s0014lre_L13	17	-31821.3038700355	9.50196360671178	0.739176283427186
ecg_db_patient_01	s0014lre	13	s0014lre_L13	18	-31784.0303587084	9.4369565448678	0.739310623469104
ecg_db_patient_01	s0014lre	14	s0014lre_L14	1	-40497.366756609	9.83097435410681	0.653206737203606
ecg_db_patient_01	s0014lre	14	s0014lre_L14	2	-41506.1397932395	9.55048296692883	0.790607812934017
ecg_db_patient_01	s0014lre	14	s0014lre_L14	3	-41864.7417681319	9.52905045545111	0.789820459079316
ecg_db_patient_01	s0014lre	14	s0014lre_L14	4	-42474.5577491582	9.52821734472337	0.795401631271938
ecg_db_patient_01	s0014lre	14	s0014lre_L14	5	-41720.9072657351	9.55641421340291	0.792585540769173
ecg_db_patient_01	s0014lre	14	s0014lre_L14	6	-41676.9899118548	9.5363493992218	0.790686598823262
ecg_db_patient_01	s0014lre	14	s0014lre_L14	7	-42235.5097490222	9.52451331764631	0.801791873942577
ecg_db_patient_01	s0014lre	14	s0014lre_L14	8	-41577.338499439	9.55461316480186	0.795873841569657
ecg_db_patient_01	s0014lre	14	s0014lre_L14	9	-41872.9699708706	9.56003153845579	0.796807656372314
ecg_db_patient_01	s0014lre	14	s0014lre_L14	10	-41889.7368246196	9.5594297856409	0.797325320067675
ecg_db_patient_01	s0014lre	14	s0014lre_L14	11	-41489.3907216913	9.5441449498629	0.800785838741446
ecg_db_patient_01	s0014lre	14	s0014lre_L14	12	-41246.6795378728	9.59063934649896	0.788712406252367
ecg_db_patient_01	s0014lre	14	s0014lre_L14	13	-42103.9708956666	9.53061227816095	0.794973864296356
ecg_db_patient_01	s0014lre	14	s0014lre_L14	14	-42306.3234494904	9.5395314243641	0.795092548167976
ecg_db_patient_01	s0014lre	14	s0014lre_L14	15	-42240.5414915036	9.51480463082407	0.792299689401783
ecg_db_patient_01	s0014lre	14	s0014lre_L14	16	-40914.8936085592	9.62770697438754	0.783550920431302
ecg_db_patient_01	s0014lre	14	s0014lre_L14	17	-41435.1488396664	9.61505451403602	0.7747471023459
ecg_db_patient_01	s0014lre	14	s0014lre_L14	18	-41511.2622718168	9.5513251582855	0.796756142521653
ecg_db_patient_01	s0014lre	15	s0014lre_L15	1	-32732.5482672764	9.10184438454512	0.686928612913815
ecg_db_patient_01	s0014lre	15	s0014lre_L15	2	-33056.9549605782	8.85900331496553	0.846129643190829
ecg_db_patient_01	s0014lre	15	s0014lre_L15	3	-33681.7627168902	8.86131774125947	0.84849170475493
ecg_db_patient_01	s0014lre	15	s0014lre_L15	4	-33150.2220607451	8.85764163276448	0.848195247594758
ecg_db_patient_01	s0014lre	15	s0014lre_L15	5	-33555.8521253409	8.85772466275864	0.850825989242696
ecg_db_patient_01	s0014lre	15	s0014lre_L15	6	-33339.7714189017	8.86115778645915	0.845523092851191
ecg_db_patient_01	s0014lre	15	s0014lre_L15	7	-33858.1173341742	8.85772900280572	0.852296659175273
ecg_db_patient_01	s0014lre	15	s0014lre_L15	8	-33488.9345806666	8.86276569444183	0.853316835433449
ecg_db_patient_01	s0014lre	15	s0014lre_L15	9	-33393.1463754571	8.86126752818955	0.848293224918563
ecg_db_patient_01	s0014lre	15	s0014lre_L15	10	-33327.9940021272	8.85669316820086	0.845592283023156
ecg_db_patient_01	s0014lre	15	s0014lre_L15	11	-33641.823214567	8.85894577458683	0.848621499457084
ecg_db_patient_01	s0014lre	15	s0014lre_L15	12	-33498.3528529194	8.87210897782147	0.838248529077549
ecg_db_patient_01	s0014lre	15	s0014lre_L15	13	-33418.3852812444	8.88646683513432	0.832961793894094
ecg_db_patient_01	s0014lre	15	s0014lre_L15	14	-33012.0467062708	8.87412732727976	0.849106840736345
ecg_db_patient_01	s0014lre	15	s0014lre_L15	15	-33562.0378723483	8.87809908505677	0.833158253579455
ecg_db_patient_01	s0014lre	15	s0014lre_L15	16	-33202.7825995361	8.83008129046611	0.845544809474508
ecg_db_patient_01	s0014lre	15	s0014lre_L15	17	-33441.865169953	8.86000914297246	0.845681674705184
ecg_db_patient_01	s0014lre	15	s0014lre_L15	18	-33116.2047021178	8.92634559844462	0.840505542789324
ecg_db_patient_01	s0016lre	1	s0016lre_L1	1	-33519.877087023	9.08216842190213	0.600636347566981
ecg_db_patient_01	s0016lre	1	s0016lre_L1	2	-32520.8206417164	8.96268793986356	0.657310673972879
ecg_db_patient_01	s0016lre	1	s0016lre_L1	3	-35358.397514967	8.90846222482484	0.740060604530189
ecg_db_patient_01	s0016lre	1	s0016lre_L1	4	-33612.0733987188	8.9547280394362	0.671147193252696
ecg_db_patient_01	s0016lre	1	s0016lre_L1	5	-33690.0663362796	8.92709630564183	0.730271962829221
ecg_db_patient_01	s0016lre	1	s0016lre_L1	6	-34935.5776585012	8.9329533175101	0.729263402439332
ecg_db_patient_01	s0016lre	1	s0016lre_L1	7	-33604.9733976328	9.02101018743573	0.667433650665387
ecg_db_patient_01	s0016lre	1	s0016lre_L1	8	-34387.3670692818	8.93892393267847	0.713452690588621
ecg_db_patient_01	s0016lre	1	s0016lre_L1	9	-33493.8521327739	8.831249681513	0.723171637079872
ecg_db_patient_01	s0016lre	1	s0016lre_L1	10	-33764.8845148216	8.89096920773721	0.699233857730865
ecg_db_patient_01	s0016lre	1	s0016lre_L1	11	-34830.1493698665	8.88738277778334	0.73241130274488
ecg_db_patient_01	s0016lre	1	s0016lre_L1	12	-35396.234589519	8.93420480698545	0.736114239539406
ecg_db_patient_01	s0016lre	1	s0016lre_L1	13	-33658.1846705931	8.92551748798155	0.664955935456175
ecg_db_patient_01	s0016lre	1	s0016lre_L1	14	-34020.978725822	8.93427441546868	0.707527082649428
ecg_db_patient_01	s0016lre	1	s0016lre_L1	15	-33737.6512383491	8.92197563183958	0.731483043357491
ecg_db_patient_01	s0016lre	1	s0016lre_L1	16	-34640.1967976673	8.91704306369251	0.721989848741193
ecg_db_patient_01	s0016lre	1	s0016lre_L1	17	-33844.4590726841	8.88549626941056	0.718055099618697
ecg_db_patient_01	s0016lre	1	s0016lre_L1	18	-33303.7139218843	9.00302974236124	0.667378096512714
ecg_db_patient_01	s0016lre	2	s0016lre_L2	1	-32471.3903720352	9.63714141638588	0.525109466932653
ecg_db_patient_01	s0016lre	2	s0016lre_L2	2	-32035.9036254416	9.38900908413792	0.637572283528194
ecg_db_patient_01	s0016lre	2	s0016lre_L2	3	-32945.4643665273	9.34799966166477	0.723931213858236
ecg_db_patient_01	s0016lre	2	s0016lre_L2	4	-32369.3902695718	9.3739305538548	0.640080806040252
ecg_db_patient_01	s0016lre	2	s0016lre_L2	5	-33108.6964413228	9.28490049493737	0.725985202393879
ecg_db_patient_01	s0016lre	2	s0016lre_L2	6	-33046.3404927766	9.33650998477857	0.717433903184263
ecg_db_patient_01	s0016lre	2	s0016lre_L2	7	-32615.9115770007	9.42307429654013	0.651671927476579
ecg_db_patient_01	s0016lre	2	s0016lre_L2	8	-33229.9059509354	9.29428830030895	0.708685134213782
ecg_db_patient_01	s0016lre	2	s0016lre_L2	9	-33216.8690026885	9.28062427546539	0.71694452160299
ecg_db_patient_01	s0016lre	2	s0016lre_L2	10	-32233.6220465683	9.40105898548347	0.663423650917906
ecg_db_patient_01	s0016lre	2	s0016lre_L2	11	-33192.1257919007	9.28535152353744	0.72243529203808
ecg_db_patient_01	s0016lre	2	s0016lre_L2	12	-33477.0774317597	9.29628424946026	0.730720436352617
ecg_db_patient_01	s0016lre	2	s0016lre_L2	13	-33201.6651047543	9.35419122288733	0.648696245044317
ecg_db_patient_01	s0016lre	2	s0016lre_L2	14	-33042.7805263446	9.31164819861653	0.715559203050428
ecg_db_patient_01	s0016lre	2	s0016lre_L2	15	-33206.9903562091	9.26566810285905	0.731727986667003
ecg_db_patient_01	s0016lre	2	s0016lre_L2	16	-32946.2718781834	9.24537319280073	0.739687381631777
ecg_db_patient_01	s0016lre	2	s0016lre_L2	17	-33492.5270939302	9.25145845393561	0.714735991515366
ecg_db_patient_01	s0016lre	2	s0016lre_L2	18	-32511.3769866329	9.37931958873277	0.66613974394586
ecg_db_patient_01	s0016lre	3	s0016lre_L3	1	-27307.5074809317	9.14549850418527	0.515544051917881
ecg_db_patient_01	s0016lre	3	s0016lre_L3	2	-28713.2965229622	8.78749218997044	0.687569000782808
ecg_db_patient_01	s0016lre	3	s0016lre_L3	3	-27904.8871950102	8.75513680957748	0.705458953056741
ecg_db_patient_01	s0016lre	3	s0016lre_L3	4	-28394.0929968439	8.77618188183088	0.698863160021212
ecg_db_patient_01	s0016lre	3	s0016lre_L3	5	-28688.976174484	8.68677585244521	0.711854246104896
ecg_db_patient_01	s0016lre	3	s0016lre_L3	6	-27866.5886960527	8.73732743981154	0.711858286406909
ecg_db_patient_01	s0016lre	3	s0016lre_L3	7	-28298.4122216661	8.78293491985574	0.690859826772051
ecg_db_patient_01	s0016lre	3	s0016lre_L3	8	-28690.6190042639	8.69610548481098	0.720313123405975
ecg_db_patient_01	s0016lre	3	s0016lre_L3	9	-29303.0531103737	8.76827038786477	0.719439408095755
ecg_db_patient_01	s0016lre	3	s0016lre_L3	10	-28521.0722741764	8.74221307238682	0.71002095906669
ecg_db_patient_01	s0016lre	3	s0016lre_L3	11	-28221.7103659025	8.74679800416598	0.688518976793515
ecg_db_patient_01	s0016lre	3	s0016lre_L3	12	-27770.2620384183	8.75559242188923	0.715644554430444
ecg_db_patient_01	s0016lre	3	s0016lre_L3	13	-28112.2995557414	8.77886510391418	0.683776167268503
ecg_db_patient_01	s0016lre	3	s0016lre_L3	14	-28227.1546874576	8.76414061994178	0.726923057498548
ecg_db_patient_01	s0016lre	3	s0016lre_L3	15	-28090.2005371772	8.74746724680822	0.694337516729375
ecg_db_patient_01	s0016lre	3	s0016lre_L3	16	-27560.9452488724	8.75622081922564	0.720295952122421
ecg_db_patient_01	s0016lre	3	s0016lre_L3	17	-27948.2447886071	8.73067584058596	0.703184263023661
ecg_db_patient_01	s0016lre	3	s0016lre_L3	18	-27856.9983137915	8.78346395249446	0.68176056160198
ecg_db_patient_01	s0016lre	4	s0016lre_L4	1	-33270.6785916206	9.08435256623656	0.602306002373677
ecg_db_patient_01	s0016lre	4	s0016lre_L4	2	-32549.3907927644	8.96223341384172	0.653259261129769
ecg_db_patient_01	s0016lre	4	s0016lre_L4	3	-35701.3024289222	8.90447485248089	0.738260144945835
ecg_db_patient_01	s0016lre	4	s0016lre_L4	4	-33730.2575196273	8.95592091614358	0.665066033686018
ecg_db_patient_01	s0016lre	4	s0016lre_L4	5	-33548.4272098733	8.92412576171932	0.721845912981995
ecg_db_patient_01	s0016lre	4	s0016lre_L4	6	-34811.9002414774	8.93447881519245	0.725984192318376
ecg_db_patient_01	s0016lre	4	s0016lre_L4	7	-33616.0075700846	9.03241930057413	0.660547965960456
ecg_db_patient_01	s0016lre	4	s0016lre_L4	8	-34198.3367242782	8.93863142748644	0.714963763541325
ecg_db_patient_01	s0016lre	4	s0016lre_L4	9	-33705.7234369236	8.81109777740395	0.73116789980051
ecg_db_patient_01	s0016lre	4	s0016lre_L4	10	-33907.2707463297	8.88132965081379	0.699281836317265
ecg_db_patient_01	s0016lre	4	s0016lre_L4	11	-35172.4363440183	8.86471556199595	0.734794575894548
ecg_db_patient_01	s0016lre	4	s0016lre_L4	12	-35198.4888241313	8.93486998303352	0.731147193252696
ecg_db_patient_01	s0016lre	4	s0016lre_L4	13	-33634.677531579	8.90790997910146	0.668115956667761
ecg_db_patient_01	s0016lre	4	s0016lre_L4	14	-33935.3155438775	8.93515654720074	0.705869043711017
ecg_db_patient_01	s0016lre	4	s0016lre_L4	15	-33410.3731083823	8.92127986684739	0.733043104972097
ecg_db_patient_01	s0016lre	4	s0016lre_L4	16	-34527.1073181477	8.91649290840201	0.726152874927401
ecg_db_patient_01	s0016lre	4	s0016lre_L4	17	-33946.4046487146	8.8818159734944	0.716365243301937
ecg_db_patient_01	s0016lre	4	s0016lre_L4	18	-33201.9559657691	9.01221156591247	0.667326077624302
ecg_db_patient_01	s0016lre	5	s0016lre_L5	1	-32588.0442054504	9.64626018548289	0.520242923158506
ecg_db_patient_01	s0016lre	5	s0016lre_L5	2	-32172.0527448053	9.38897656026015	0.640483321128254
ecg_db_patient_01	s0016lre	5	s0016lre_L5	3	-33032.3395854056	9.34133269484908	0.723394358728315
ecg_db_patient_01	s0016lre	5	s0016lre_L5	4	-32307.7149956045	9.37189230404984	0.639432842604985
ecg_db_patient_01	s0016lre	5	s0016lre_L5	5	-32991.0436807929	9.28926436397435	0.722573672382011
ecg_db_patient_01	s0016lre	5	s0016lre_L5	6	-33007.7597821192	9.33580232740189	0.7170924976642
ecg_db_patient_01	s0016lre	5	s0016lre_L5	7	-32287.1249745783	9.43586428981648	0.647604353425419
ecg_db_patient_01	s0016lre	5	s0016lre_L5	8	-33044.556196954	9.30798988168382	0.707513446630136
ecg_db_patient_01	s0016lre	5	s0016lre_L5	9	-33424.0113721858	9.28322861121394	0.716304638771748
ecg_db_patient_01	s0016lre	5	s0016lre_L5	10	-32353.0989697564	9.40485382899535	0.662005504911492
ecg_db_patient_01	s0016lre	5	s0016lre_L5	11	-32979.5752405897	9.28572707868445	0.723139819701523
ecg_db_patient_01	s0016lre	5	s0016lre_L5	12	-33613.2968615445	9.29340953675374	0.731496174339032
ecg_db_patient_01	s0016lre	5	s0016lre_L5	13	-32987.9055259283	9.35388981890769	0.649928537158153
ecg_db_patient_01	s0016lre	5	s0016lre_L5	14	-32766.658464356	9.33253790852287	0.71489154314285
ecg_db_patient_01	s0016lre	5	s0016lre_L5	15	-33218.1588189658	9.27433193229549	0.727929597737431
ecg_db_patient_01	s0016lre	5	s0016lre_L5	16	-32987.5850061784	9.24459173125548	0.739930304790283
ecg_db_patient_01	s0016lre	5	s0016lre_L5	17	-33580.8874952473	9.24754192783072	0.712583520618166
ecg_db_patient_01	s0016lre	5	s0016lre_L5	18	-32284.5158164242	9.38278878641226	0.667517486932148
ecg_db_patient_01	s0016lre	6	s0016lre_L6	1	-27216.5453057238	9.13944902553566	0.516126865483195
ecg_db_patient_01	s0016lre	6	s0016lre_L6	2	-28723.4504447154	8.7886390207024	0.686473068861897
ecg_db_patient_01	s0016lre	6	s0016lre_L6	3	-27954.2245917563	8.75290439295682	0.706615994545592
ecg_db_patient_01	s0016lre	6	s0016lre_L6	4	-28483.469116239	8.77048150897533	0.699898992449686
ecg_db_patient_01	s0016lre	6	s0016lre_L6	5	-28686.42672016	8.68730305072991	0.711972424938764
ecg_db_patient_01	s0016lre	6	s0016lre_L6	6	-28093.9770006577	8.74370003534711	0.712346657912679
ecg_db_patient_01	s0016lre	6	s0016lre_L6	7	-28301.0684621859	8.77712601872476	0.691286078634378
ecg_db_patient_01	s0016lre	6	s0016lre_L6	8	-28662.940896897	8.70375551694607	0.718288427059923
ecg_db_patient_01	s0016lre	6	s0016lre_L6	9	-29326.5428496016	8.76776455619542	0.722717608141209
ecg_db_patient_01	s0016lre	6	s0016lre_L6	10	-28447.6065785665	8.73927192751438	0.712974924875634
ecg_db_patient_01	s0016lre	6	s0016lre_L6	11	-28314.2762803889	8.75116255236591	0.694014292568369
ecg_db_patient_01	s0016lre	6	s0016lre_L6	12	-27764.5014593016	8.75612733819898	0.718127320017171
ecg_db_patient_01	s0016lre	6	s0016lre_L6	13	-28123.5691098688	8.77437428563109	0.685575111739603
ecg_db_patient_01	s0016lre	6	s0016lre_L6	14	-28096.4564336867	8.76084845579125	0.725906416504634
ecg_db_patient_01	s0016lre	6	s0016lre_L6	15	-28193.1578709993	8.75063991640515	0.690651246180652
ecg_db_patient_01	s0016lre	6	s0016lre_L6	16	-27503.0260893905	8.75570365150259	0.722707507386177
ecg_db_patient_01	s0016lre	6	s0016lre_L6	17	-27976.9709316133	8.7271872151874	0.702665589252797
ecg_db_patient_01	s0016lre	6	s0016lre_L6	18	-27847.6040528947	8.77983213623086	0.683062043887781
ecg_db_patient_01	s0016lre	7	s0016lre_L7	1	-33366.3985420512	9.0997214837706	0.607435670816393
ecg_db_patient_01	s0016lre	7	s0016lre_L7	2	-32700.9952127434	8.94570664721214	0.65306027625565
ecg_db_patient_01	s0016lre	7	s0016lre_L7	3	-35529.2781957463	8.91490134445618	0.736050099744956
ecg_db_patient_01	s0016lre	7	s0016lre_L7	4	-33769.0824488311	8.96099114030131	0.666560440392919
ecg_db_patient_01	s0016lre	7	s0016lre_L7	5	-33708.9350332765	8.9205531656026	0.724036766748314
ecg_db_patient_01	s0016lre	7	s0016lre_L7	6	-34760.5885013961	8.94645804446686	0.72454938006616
ecg_db_patient_01	s0016lre	7	s0016lre_L7	7	-33803.8065504285	9.03941912966812	0.658874775889498
ecg_db_patient_01	s0016lre	7	s0016lre_L7	8	-33964.4486531755	8.94684367801928	0.716872806242267
ecg_db_patient_01	s0016lre	7	s0016lre_L7	9	-33569.7815834414	8.80878937483148	0.731704754930431
ecg_db_patient_01	s0016lre	7	s0016lre_L7	10	-33839.2415777794	8.884021058176	0.699858084391808
ecg_db_patient_01	s0016lre	7	s0016lre_L7	11	-34985.4532563586	8.87243021783978	0.733918840433322
ecg_db_patient_01	s0016lre	7	s0016lre_L7	12	-34960.5154012281	8.93984062697024	0.727973030984066
ecg_db_patient_01	s0016lre	7	s0016lre_L7	13	-33634.5796046254	8.89727248693542	0.665942779222747
ecg_db_patient_01	s0016lre	7	s0016lre_L7	14	-33764.3076408522	8.92804748776526	0.709584606449332
ecg_db_patient_01	s0016lre	7	s0016lre_L7	15	-33710.6180672859	8.92400789453418	0.732903714552663
ecg_db_patient_01	s0016lre	7	s0016lre_L7	16	-34776.6197543835	8.89846640253957	0.730068432615338
ecg_db_patient_01	s0016lre	7	s0016lre_L7	17	-34228.0848801876	8.87697797121188	0.718777303603444
ecg_db_patient_01	s0016lre	7	s0016lre_L7	18	-33372.9864349846	9.02667832886795	0.667198303073155
ecg_db_patient_01	s0016lre	8	s0016lre_L8	1	-32676.6067802485	9.64522837117468	0.522524683720108
ecg_db_patient_01	s0016lre	8	s0016lre_L8	2	-32165.8180758923	9.38785690417107	0.640522714072877
ecg_db_patient_01	s0016lre	8	s0016lre_L8	3	-33031.2847755796	9.32901018654924	0.727426580136865
ecg_db_patient_01	s0016lre	8	s0016lre_L8	4	-32134.9869282862	9.38342247086629	0.638474280952501
ecg_db_patient_01	s0016lre	8	s0016lre_L8	5	-32788.986113696	9.3032371173283	0.724322113077953
ecg_db_patient_01	s0016lre	8	s0016lre_L8	6	-32924.0716388019	9.33267081774982	0.718848008888664
ecg_db_patient_01	s0016lre	8	s0016lre_L8	7	-32429.6023262686	9.4353740976691	0.650149238655589
ecg_db_patient_01	s0016lre	8	s0016lre_L8	8	-33208.7462115914	9.293476568645	0.710252771394662
ecg_db_patient_01	s0016lre	8	s0016lre_L8	9	-33655.135110865	9.28269406209266	0.720307567990707
ecg_db_patient_01	s0016lre	8	s0016lre_L8	10	-32258.7487273673	9.41100752493636	0.660440392919371
ecg_db_patient_01	s0016lre	8	s0016lre_L8	11	-33018.9976201577	9.28058407114525	0.724075654655186
ecg_db_patient_01	s0016lre	8	s0016lre_L8	12	-33568.2614343396	9.30562079255568	0.731849195727381
ecg_db_patient_01	s0016lre	8	s0016lre_L8	13	-33231.0369649142	9.33649065538201	0.64853008762405
ecg_db_patient_01	s0016lre	8	s0016lre_L8	14	-33026.1178061644	9.34287699481787	0.711971414863261
ecg_db_patient_01	s0016lre	8	s0016lre_L8	15	-33345.848930252	9.27186023766792	0.723790308325547
ecg_db_patient_01	s0016lre	8	s0016lre_L8	16	-32879.8392252445	9.24719915394566	0.739464659983334
ecg_db_patient_01	s0016lre	8	s0016lre_L8	17	-33415.3530204731	9.24727418347505	0.713030984066059
ecg_db_patient_01	s0016lre	8	s0016lre_L8	18	-32585.1225177532	9.37104682307795	0.672958763667584
ecg_db_patient_01	s0016lre	9	s0016lre_L9	1	-27001.2822943545	9.13790927272732	0.514535996565743
ecg_db_patient_01	s0016lre	9	s0016lre_L9	2	-28677.8036010405	8.78894342188556	0.68700083331229
ecg_db_patient_01	s0016lre	9	s0016lre_L9	3	-28003.210167557	8.74862181033104	0.70491553243605
ecg_db_patient_01	s0016lre	9	s0016lre_L9	4	-28628.0649031905	8.76861955393674	0.695605666523573
ecg_db_patient_01	s0016lre	9	s0016lre_L9	5	-28593.3795951095	8.68910933371514	0.710829524506957
ecg_db_patient_01	s0016lre	9	s0016lre_L9	6	-28027.2726544114	8.74075880531888	0.712318375798591
ecg_db_patient_01	s0016lre	9	s0016lre_L9	7	-28257.0209638165	8.77108310877008	0.690647205878639
ecg_db_patient_01	s0016lre	9	s0016lre_L9	8	-28739.6881567659	8.70145994218787	0.721282795888993
ecg_db_patient_01	s0016lre	9	s0016lre_L9	9	-29476.3753517918	8.76715633250027	0.727442741344915
ecg_db_patient_01	s0016lre	9	s0016lre_L9	10	-28514.6801160278	8.74088986016899	0.713523900911593
ecg_db_patient_01	s0016lre	9	s0016lre_L9	11	-28475.179988279	8.75206405116916	0.691890103785258
ecg_db_patient_01	s0016lre	9	s0016lre_L9	12	-27600.5463348017	8.76055550400515	0.718538420746951
ecg_db_patient_01	s0016lre	9	s0016lre_L9	13	-28104.8391734259	8.77132631751944	0.686778616701598
ecg_db_patient_01	s0016lre	9	s0016lre_L9	14	-28145.6273934527	8.75988078826031	0.726904876139491
ecg_db_patient_01	s0016lre	9	s0016lre_L9	15	-28130.1004368043	8.75864520600295	0.690089644200904
ecg_db_patient_01	s0016lre	9	s0016lre_L9	16	-27456.0881418798	8.75096912719946	0.723275169818944
ecg_db_patient_01	s0016lre	9	s0016lre_L9	17	-27995.8295412263	8.72604425200175	0.699824246862453
ecg_db_patient_01	s0016lre	9	s0016lre_L9	18	-28003.1254512954	8.78060123293679	0.67989091184566
ecg_db_patient_01	s0016lre	10	s0016lre_L10	1	-33554.6223917455	9.07225638773206	0.607862427716472
ecg_db_patient_01	s0016lre	10	s0016lre_L10	2	-32852.0637139057	8.94773829537206	0.652236054645085
ecg_db_patient_01	s0016lre	10	s0016lre_L10	3	-35390.6303824362	8.90066267069339	0.740116158682862
ecg_db_patient_01	s0016lre	10	s0016lre_L10	4	-33348.8862724682	8.97029025804888	0.667383651927982
ecg_db_patient_01	s0016lre	10	s0016lre_L10	5	-33665.6147320308	8.9339967116935	0.72196308174036
ecg_db_patient_01	s0016lre	10	s0016lre_L10	6	-34586.1835982251	8.94591511839105	0.729684603924143
ecg_db_patient_01	s0016lre	10	s0016lre_L10	7	-33280.77754867	9.03884623931749	0.661075225373097
ecg_db_patient_01	s0016lre	10	s0016lre_L10	8	-34348.5804622598	8.91251937098921	0.725159465670059
ecg_db_patient_01	s0016lre	10	s0016lre_L10	9	-33267.4341528342	8.83843882555363	0.731608797757632
ecg_db_patient_01	s0016lre	10	s0016lre_L10	10	-33805.0600766592	8.90135524624499	0.7014297618747
ecg_db_patient_01	s0016lre	10	s0016lre_L10	11	-35015.4851201611	8.88077202458331	0.730166409939143
ecg_db_patient_01	s0016lre	10	s0016lre_L10	12	-35669.8723210255	8.93209110280966	0.732262316608166
ecg_db_patient_01	s0016lre	10	s0016lre_L10	13	-34165.0761374854	8.88932768914329	0.658154592055756
ecg_db_patient_01	s0016lre	10	s0016lre_L10	14	-33869.6163194411	8.917155075915	0.711998181864094
ecg_db_patient_01	s0016lre	10	s0016lre_L10	15	-33565.8290086615	8.90654386176493	0.730451756268781
ecg_db_patient_01	s0016lre	10	s0016lre_L10	16	-34707.7135523578	8.89513444059878	0.733652180500492
ecg_db_patient_01	s0016lre	10	s0016lre_L10	17	-33917.3452321217	8.87588631156089	0.719453549152799
ecg_db_patient_01	s0016lre	10	s0016lre_L10	18	-33306.0616079383	9.02135127383026	0.665798843463549
ecg_db_patient_01	s0016lre	11	s0016lre_L11	1	-32483.7478811093	9.65100748308801	0.522531249210879
ecg_db_patient_01	s0016lre	11	s0016lre_L11	2	-32206.5802951099	9.38188330704053	0.641390368930078
ecg_db_patient_01	s0016lre	11	s0016lre_L11	3	-33134.9997207957	9.33445855786027	0.72510845685715
ecg_db_patient_01	s0016lre	11	s0016lre_L11	4	-32178.1731908906	9.38480110366168	0.638056614731951
ecg_db_patient_01	s0016lre	11	s0016lre_L11	5	-32798.0816135583	9.30695186374362	0.727726572561299
ecg_db_patient_01	s0016lre	11	s0016lre_L11	6	-33337.0294054658	9.3204559970491	0.722259033862781
ecg_db_patient_01	s0016lre	11	s0016lre_L11	7	-32501.8728416102	9.42828791988932	0.648286154390041
ecg_db_patient_01	s0016lre	11	s0016lre_L11	8	-33529.6864723758	9.28797025399016	0.708569985606424
ecg_db_patient_01	s0016lre	11	s0016lre_L11	9	-33802.6583995087	9.27928143834643	0.719287391732532
ecg_db_patient_01	s0016lre	11	s0016lre_L11	10	-32100.0238836567	9.4155667102926	0.659518193985
ecg_db_patient_01	s0016lre	11	s0016lre_L11	11	-32931.4048820418	9.27857415322494	0.72359839397995
ecg_db_patient_01	s0016lre	11	s0016lre_L11	12	-33579.5984707913	9.31000673379465	0.730729021994394
ecg_db_patient_01	s0016lre	11	s0016lre_L11	13	-33326.4185499618	9.33557191975164	0.646518017221787
ecg_db_patient_01	s0016lre	11	s0016lre_L11	14	-33134.3639766821	9.33248891056698	0.709883588798263
ecg_db_patient_01	s0016lre	11	s0016lre_L11	15	-33419.6702708743	9.25984097393979	0.724772606752355
ecg_db_patient_01	s0016lre	11	s0016lre_L11	16	-32683.9494357421	9.26420938464292	0.736064745839752
ecg_db_patient_01	s0016lre	11	s0016lre_L11	17	-33458.0488306296	9.25524129940234	0.713621373197647
ecg_db_patient_01	s0016lre	11	s0016lre_L11	18	-32827.0031717628	9.36083393816605	0.676017777328855
ecg_db_patient_01	s0016lre	12	s0016lre_L12	1	-27117.7873683946	9.142954284531	0.513910759829297
ecg_db_patient_01	s0016lre	12	s0016lre_L12	2	-28669.6675314594	8.78866235005808	0.688047776571299
ecg_db_patient_01	s0016lre	12	s0016lre_L12	3	-27972.8362024153	8.74782160441893	0.704467563950405
ecg_db_patient_01	s0016lre	12	s0016lre_L12	4	-28437.294284343	8.77288670208167	0.693216837958637
ecg_db_patient_01	s0016lre	12	s0016lre_L12	5	-28696.7039288946	8.69144731231647	0.711079013156233
ecg_db_patient_01	s0016lre	12	s0016lre_L12	6	-27996.2046743146	8.73258809119888	0.712089088659377
ecg_db_patient_01	s0016lre	12	s0016lre_L12	7	-28528.6139293157	8.76907153730676	0.692515845559456
ecg_db_patient_01	s0016lre	12	s0016lre_L12	8	-28854.9914423494	8.69296973771034	0.723585768036161
ecg_db_patient_01	s0016lre	12	s0016lre_L12	9	-29526.0345055099	8.76710315003492	0.72850433069872
ecg_db_patient_01	s0016lre	12	s0016lre_L12	10	-28440.0440007591	8.74605893573197	0.711718895987475
ecg_db_patient_01	s0016lre	12	s0016lre_L12	11	-28275.4401654972	8.74712916010558	0.68756294032979
ecg_db_patient_01	s0016lre	12	s0016lre_L12	12	-27794.9009415184	8.76297338017755	0.718008636145552
ecg_db_patient_01	s0016lre	12	s0016lre_L12	13	-28261.6519861697	8.76950273515746	0.687019519709098
ecg_db_patient_01	s0016lre	12	s0016lre_L12	14	-28158.4570958494	8.75860222615511	0.729024014545087
ecg_db_patient_01	s0016lre	12	s0016lre_L12	15	-28352.2941058857	8.75833990729964	0.695420822706497
ecg_db_patient_01	s0016lre	12	s0016lre_L12	16	-27555.9904134086	8.75074591619562	0.722077220272215
ecg_db_patient_01	s0016lre	12	s0016lre_L12	17	-28028.6299346103	8.7280509387206	0.700669175020833
ecg_db_patient_01	s0016lre	12	s0016lre_L12	18	-27981.3791803978	8.78054331661358	0.680065654907704
ecg_db_patient_01	s0016lre	13	s0016lre_L13	1	-33314.4883612562	9.07362297934637	0.603344865028661
ecg_db_patient_01	s0016lre	13	s0016lre_L13	2	-32600.2335347336	8.94358791929641	0.656085452387566
ecg_db_patient_01	s0016lre	13	s0016lre_L13	3	-35419.4730782735	8.90002348611734	0.738392969874498
ecg_db_patient_01	s0016lre	13	s0016lre_L13	4	-33591.4221117289	8.95498173401911	0.67204161511073
ecg_db_patient_01	s0016lre	13	s0016lre_L13	5	-33926.0797511063	8.93722478966096	0.725360975732936
ecg_db_patient_01	s0016lre	13	s0016lre_L13	6	-35198.9396719305	8.94322042106669	0.724371101739855
ecg_db_patient_01	s0016lre	13	s0016lre_L13	7	-33515.0530999757	9.0359949431142	0.662775687482639
ecg_db_patient_01	s0016lre	13	s0016lre_L13	8	-34288.5237550471	8.94235553022528	0.724510492159289
ecg_db_patient_01	s0016lre	13	s0016lre_L13	9	-33385.9607332069	8.82664164822119	0.726243276684932
ecg_db_patient_01	s0016lre	13	s0016lre_L13	10	-33708.6229456292	8.89378250878326	0.700812605742279
ecg_db_patient_01	s0016lre	13	s0016lre_L13	11	-34683.6294460223	8.88800587530968	0.730004292820888
ecg_db_patient_01	s0016lre	13	s0016lre_L13	12	-34792.3287313268	8.9387895241747	0.732638064695336
ecg_db_patient_01	s0016lre	13	s0016lre_L13	13	-34109.4238259316	8.88706919516195	0.663979192444635
ecg_db_patient_01	s0016lre	13	s0016lre_L13	14	-34162.155596233	8.91811304610331	0.709011388601298
ecg_db_patient_01	s0016lre	13	s0016lre_L13	15	-33659.226441136	8.90650823438351	0.733093103709502
ecg_db_patient_01	s0016lre	13	s0016lre_L13	16	-34764.5794765941	8.90423503413322	0.724246357415217
ecg_db_patient_01	s0016lre	13	s0016lre_L13	17	-33442.3873410661	8.88526278241847	0.717083406984672
ecg_db_patient_01	s0016lre	13	s0016lre_L13	18	-33253.9674026475	9.00345460747312	0.667717481881771
ecg_db_patient_01	s0016lre	14	s0016lre_L14	1	-32408.1383339989	9.64173960810153	0.524397363702937
ecg_db_patient_01	s0016lre	14	s0016lre_L14	2	-32200.1627692573	9.38406739389729	0.637415721825206
ecg_db_patient_01	s0016lre	14	s0016lre_L14	3	-32982.5879952356	9.34103786157617	0.726249842175703
ecg_db_patient_01	s0016lre	14	s0016lre_L14	4	-32369.4857826963	9.37903825382453	0.637602080755536
ecg_db_patient_01	s0016lre	14	s0016lre_L14	5	-32861.7189486061	9.29768785144081	0.72797757632383
ecg_db_patient_01	s0016lre	14	s0016lre_L14	6	-33324.7237970021	9.32727468609276	0.717575818792455
ecg_db_patient_01	s0016lre	14	s0016lre_L14	7	-32819.551008059	9.42143459766472	0.649269967930103
ecg_db_patient_01	s0016lre	14	s0016lre_L14	8	-33177.6044860363	9.29523031824836	0.710643165576627
ecg_db_patient_01	s0016lre	14	s0016lre_L14	9	-33689.6001787158	9.2805727581768	0.717447034165804
ecg_db_patient_01	s0016lre	14	s0016lre_L14	10	-32117.3169607401	9.40710851215535	0.660926744274134
ecg_db_patient_01	s0016lre	14	s0016lre_L14	11	-33333.6356945608	9.28201887956862	0.722782758011161
ecg_db_patient_01	s0016lre	14	s0016lre_L14	12	-33418.5702529523	9.30281661040842	0.730492664326658
ecg_db_patient_01	s0016lre	14	s0016lre_L14	13	-33388.1658648779	9.35191059826589	0.646461452993611
ecg_db_patient_01	s0016lre	14	s0016lre_L14	14	-33110.7083079047	9.317137661127	0.71178152066867
ecg_db_patient_01	s0016lre	14	s0016lre_L14	15	-33040.2470597707	9.2641953898962	0.72808363425166
ecg_db_patient_01	s0016lre	14	s0016lre_L14	16	-32920.3194640603	9.25456194315048	0.737195525365521
ecg_db_patient_01	s0016lre	14	s0016lre_L14	17	-33299.2514433356	9.26416193946979	0.713530466402364
ecg_db_patient_01	s0016lre	14	s0016lre_L14	18	-32668.1534732708	9.36573838289221	0.672568874523371
ecg_db_patient_01	s0016lre	15	s0016lre_L15	1	-27232.1114497158	9.14647120376481	0.515740006565491
ecg_db_patient_01	s0016lre	15	s0016lre_L15	2	-28725.2922597261	8.78818820576226	0.689399762632257
ecg_db_patient_01	s0016lre	15	s0016lre_L15	3	-27940.5461142334	8.75041713699217	0.705256432918361
ecg_db_patient_01	s0016lre	15	s0016lre_L15	4	-28392.7980367609	8.77596652619462	0.695449609858337
ecg_db_patient_01	s0016lre	15	s0016lre_L15	5	-28707.6094118809	8.6897943261532	0.711707280119189
ecg_db_patient_01	s0016lre	15	s0016lre_L15	6	-27929.6752392463	8.73254441196474	0.712912805232191
ecg_db_patient_01	s0016lre	15	s0016lre_L15	7	-28344.9063614334	8.77756932423012	0.691005277644504
ecg_db_patient_01	s0016lre	15	s0016lre_L15	8	-28810.1084118085	8.69207412944084	0.72259589404308
ecg_db_patient_01	s0016lre	15	s0016lre_L15	9	-29540.5918484516	8.76789861615726	0.723636271811318
ecg_db_patient_01	s0016lre	15	s0016lre_L15	10	-28443.709077988	8.7468457402294	0.709096739981314
ecg_db_patient_01	s0016lre	15	s0016lre_L15	11	-28261.8381552054	8.74520292073508	0.685912476957653
ecg_db_patient_01	s0016lre	15	s0016lre_L15	12	-27786.4620436549	8.76037044584858	0.716088987651827
ecg_db_patient_01	s0016lre	15	s0016lre_L15	13	-28175.3086883656	8.77695341883105	0.68539127799803
ecg_db_patient_01	s0016lre	15	s0016lre_L15	14	-28183.8694394494	8.76088161818793	0.729521981768137
ecg_db_patient_01	s0016lre	15	s0016lre_L15	15	-28126.1540772142	8.75156609502082	0.699607080629277
ecg_db_patient_01	s0016lre	15	s0016lre_L15	16	-27522.0482216639	8.75340920412321	0.722701446933158
ecg_db_patient_01	s0016lre	15	s0016lre_L15	17	-27969.7735775779	8.73213990530782	0.703060023736774
ecg_db_patient_01	s0016lre	15	s0016lre_L15	18	-27809.4920971729	8.78220459258628	0.681370672457766
ecg_db_patient_02	s0015lre	1	s0015lre_L1	1	-30208.1704875134	10.6847523300546	0.660765132193631
ecg_db_patient_02	s0015lre	1	s0015lre_L1	2	-30608.7920441797	10.544941231242	0.698129845205929
ecg_db_patient_02	s0015lre	1	s0015lre_L1	3	-30801.3095334271	10.5664661023927	0.673685007954345
ecg_db_patient_02	s0015lre	1	s0015lre_L1	4	-30856.018606841	10.5357889868794	0.718173278452564
ecg_db_patient_02	s0015lre	1	s0015lre_L1	5	-30660.0232105943	10.5382877496167	0.716641498952047
ecg_db_patient_02	s0015lre	1	s0015lre_L1	6	-30662.3892392873	10.5076730717532	0.697125830155804
ecg_db_patient_02	s0015lre	1	s0015lre_L1	7	-30917.9076309151	10.4862022327179	0.674993055730916
ecg_db_patient_02	s0015lre	1	s0015lre_L1	8	-30875.2257286854	10.4989290895546	0.694346607408904
ecg_db_patient_02	s0015lre	1	s0015lre_L1	9	-30866.8042134886	10.4935960305802	0.71661372187571
ecg_db_patient_02	s0015lre	1	s0015lre_L1	10	-30808.1619284943	10.5535746353989	0.696278376808666
ecg_db_patient_02	s0015lre	1	s0015lre_L1	11	-30768.052875093	10.5481782692239	0.691792631499205
ecg_db_patient_02	s0015lre	1	s0015lre_L1	12	-30758.8395168482	10.5201920075569	0.715820812605742
ecg_db_patient_02	s0015lre	1	s0015lre_L1	13	-30790.1794576319	10.5200101604227	0.716734425898336
ecg_db_patient_02	s0015lre	1	s0015lre_L1	14	-31073.5426710151	10.4989831054473	0.717466730638115
ecg_db_patient_02	s0015lre	1	s0015lre_L1	15	-30566.3519281082	10.5562138200403	0.717126335193556
ecg_db_patient_02	s0015lre	1	s0015lre_L1	16	-30877.5278832608	10.5406663740011	0.679095982424686
ecg_db_patient_02	s0015lre	1	s0015lre_L1	17	-30542.4310172047	10.5956320433187	0.683197394005202
ecg_db_patient_02	s0015lre	1	s0015lre_L1	18	-30708.8009006142	10.5108888412188	0.700712103229716
ecg_db_patient_02	s0015lre	2	s0015lre_L2	1	-33541.7069920846	10.6647042353204	0.722564076664731
ecg_db_patient_02	s0015lre	2	s0015lre_L2	2	-33551.206364633	10.5498443553344	0.731701724703922
ecg_db_patient_02	s0015lre	2	s0015lre_L2	3	-33689.3432078255	10.5717083264085	0.723120628266963
ecg_db_patient_02	s0015lre	2	s0015lre_L2	4	-33565.734505737	10.547197198072	0.756232923411025
ecg_db_patient_02	s0015lre	2	s0015lre_L2	5	-33436.0627755859	10.567562737446	0.751921921163607
ecg_db_patient_02	s0015lre	2	s0015lre_L2	6	-33396.3262820041	10.5279546893569	0.730676498068231
ecg_db_patient_02	s0015lre	2	s0015lre_L2	7	-33635.8447609925	10.5366760022215	0.723550920431302
ecg_db_patient_02	s0015lre	2	s0015lre_L2	8	-33562.9361996372	10.5307654168834	0.738535390520441
ecg_db_patient_02	s0015lre	2	s0015lre_L2	9	-33480.6951949644	10.5415212950417	0.75285472589076
ecg_db_patient_02	s0015lre	2	s0015lre_L2	10	-33668.8313715123	10.558316603281	0.738458119744451
ecg_db_patient_02	s0015lre	2	s0015lre_L2	11	-33418.3021501651	10.5692926385362	0.73186838716194
ecg_db_patient_02	s0015lre	2	s0015lre_L2	12	-33480.8638776178	10.560526366602	0.750491654251155
ecg_db_patient_02	s0015lre	2	s0015lre_L2	13	-33503.375176918	10.5432300533	0.751149718441454
ecg_db_patient_02	s0015lre	2	s0015lre_L2	14	-33556.5508187798	10.5365694249528	0.74984722608015
ecg_db_patient_02	s0015lre	2	s0015lre_L2	15	-33308.9127311173	10.5678091179585	0.753757228352819
ecg_db_patient_02	s0015lre	2	s0015lre_L2	16	-33683.0900494513	10.558196524268	0.719806570541148
ecg_db_patient_02	s0015lre	2	s0015lre_L2	17	-33339.9695578815	10.59056783229	0.725004419080326
ecg_db_patient_02	s0015lre	2	s0015lre_L2	18	-33477.1508357027	10.5510738832926	0.733669856821797
ecg_db_patient_02	s0015lre	3	s0015lre_L3	1	-46649.9709524123	9.62006068499564	0.898141461074215
ecg_db_patient_02	s0015lre	3	s0015lre_L3	2	-46319.7057810544	9.64571524432907	0.873074417312694
ecg_db_patient_02	s0015lre	3	s0015lre_L3	3	-46827.6287536767	9.60560800857952	0.901180778263175
ecg_db_patient_02	s0015lre	3	s0015lre_L3	4	-47079.7379735047	9.56715404549533	0.901778237923285
ecg_db_patient_02	s0015lre	3	s0015lre_L3	5	-47001.6396373267	9.58811360598352	0.90061362086816
ecg_db_patient_02	s0015lre	3	s0015lre_L3	6	-46187.0068147747	9.65072087063373	0.874394585995303
ecg_db_patient_02	s0015lre	3	s0015lre_L3	7	-47595.1906140552	9.57152328144768	0.903616575339007
ecg_db_patient_02	s0015lre	3	s0015lre_L3	8	-47666.5121008935	9.56320494687842	0.900878765687735
ecg_db_patient_02	s0015lre	3	s0015lre_L3	9	-47348.3399312255	9.62370242913482	0.901995404156461
ecg_db_patient_02	s0015lre	3	s0015lre_L3	10	-46526.0882265764	9.65221141077733	0.902012070402263
ecg_db_patient_02	s0015lre	3	s0015lre_L3	11	-46929.4950159649	9.59964042104499	0.902290346203379
ecg_db_patient_02	s0015lre	3	s0015lre_L3	12	-46903.3431714201	9.66143554195299	0.901933284513017
ecg_db_patient_02	s0015lre	3	s0015lre_L3	13	-47005.8755745179	9.62388046755896	0.902414080452514
ecg_db_patient_02	s0015lre	3	s0015lre_L3	14	-46810.6793648747	9.62845349217267	0.901559051539103
ecg_db_patient_02	s0015lre	3	s0015lre_L3	15	-46128.5778053426	9.69524926402574	0.900982803464559
ecg_db_patient_02	s0015lre	3	s0015lre_L3	16	-46134.7704277389	9.65841503328603	0.902258023787278
ecg_db_patient_02	s0015lre	3	s0015lre_L3	17	-46753.2047900633	9.62671699718825	0.902600944420595
ecg_db_patient_02	s0015lre	3	s0015lre_L3	18	-47014.980188794	9.66361409426449	0.874204691800712
ecg_db_patient_02	s0015lre	4	s0015lre_L4	1	-30240.5925549908	10.6779131356289	0.660645943284261
ecg_db_patient_02	s0015lre	4	s0015lre_L4	2	-30609.9373638002	10.5467269946526	0.697757632383021
ecg_db_patient_02	s0015lre	4	s0015lre_L4	3	-30720.9009570485	10.5724589692708	0.673359258604581
ecg_db_patient_02	s0015lre	4	s0015lre_L4	4	-30778.8957788345	10.5371615477564	0.719034367818994
ecg_db_patient_02	s0015lre	4	s0015lre_L4	5	-30764.8574186314	10.540346037651	0.71770611853236
ecg_db_patient_02	s0015lre	4	s0015lre_L4	6	-30664.227379081	10.5053414547601	0.697524304941794
ecg_db_patient_02	s0015lre	4	s0015lre_L4	7	-30868.2502669965	10.4905820407474	0.675145577131891
ecg_db_patient_02	s0015lre	4	s0015lre_L4	8	-30869.9815032949	10.4997934334591	0.694732456251105
ecg_db_patient_02	s0015lre	4	s0015lre_L4	9	-30971.5800716724	10.4967730524399	0.716049594707204
ecg_db_patient_02	s0015lre	4	s0015lre_L4	10	-30768.2723233591	10.5502486249346	0.697988939673241
ecg_db_patient_02	s0015lre	4	s0015lre_L4	11	-30706.743402093	10.5564807512015	0.69209312896139
ecg_db_patient_02	s0015lre	4	s0015lre_L4	12	-30768.3061616067	10.5162504607533	0.716097573293604
ecg_db_patient_02	s0015lre	4	s0015lre_L4	13	-30762.2308051208	10.5163462522502	0.716904623620616
ecg_db_patient_02	s0015lre	4	s0015lre_L4	14	-31070.2369724878	10.4978698482881	0.716365748339688
ecg_db_patient_02	s0015lre	4	s0015lre_L4	15	-30596.1493928163	10.5580552083908	0.717814701648948
ecg_db_patient_02	s0015lre	4	s0015lre_L4	16	-30890.659421379	10.5398364300754	0.678918209136133
ecg_db_patient_02	s0015lre	4	s0015lre_L4	17	-30513.4047156801	10.6010769086312	0.683874144592308
ecg_db_patient_02	s0015lre	4	s0015lre_L4	18	-30775.7196757044	10.5023615308374	0.700590389131588
ecg_db_patient_02	s0015lre	5	s0015lre_L5	1	-33535.4190389159	10.6683762711432	0.722578722759526
ecg_db_patient_02	s0015lre	5	s0015lre_L5	2	-33526.3946140021	10.5497371557169	0.731435064771092
ecg_db_patient_02	s0015lre	5	s0015lre_L5	3	-33728.6730550325	10.5670242708421	0.722940834827403
ecg_db_patient_02	s0015lre	5	s0015lre_L5	4	-33492.2973685177	10.5513307692511	0.755053660261105
ecg_db_patient_02	s0015lre	5	s0015lre_L5	5	-33407.3730446239	10.5569138418612	0.751625464003434
ecg_db_patient_02	s0015lre	5	s0015lre_L5	6	-33341.3053620961	10.5282007353783	0.730059846973561
ecg_db_patient_02	s0015lre	5	s0015lre_L5	7	-33592.2481129222	10.5233260864933	0.722272164844322
ecg_db_patient_02	s0015lre	5	s0015lre_L5	8	-33510.8239982272	10.5310951787473	0.738290952248681
ecg_db_patient_02	s0015lre	5	s0015lre_L5	9	-33528.2768077248	10.5453707153826	0.754057220777253
ecg_db_patient_02	s0015lre	5	s0015lre_L5	10	-33709.5113474029	10.5621702795644	0.73918082876695
ecg_db_patient_02	s0015lre	5	s0015lre_L5	11	-33409.444725801	10.5629661232198	0.731375975354158
ecg_db_patient_02	s0015lre	5	s0015lre_L5	12	-33490.1215887681	10.5562813208596	0.750032574934976
ecg_db_patient_02	s0015lre	5	s0015lre_L5	13	-33530.967815531	10.5440932032479	0.750643165576627
ecg_db_patient_02	s0015lre	5	s0015lre_L5	14	-33597.5392532445	10.5356509871888	0.750106815484457
ecg_db_patient_02	s0015lre	5	s0015lre_L5	15	-33277.8193781078	10.5776100239272	0.753314815282442
ecg_db_patient_02	s0015lre	5	s0015lre_L5	16	-33705.1983216116	10.5489232486377	0.720873715310219
ecg_db_patient_02	s0015lre	5	s0015lre_L5	17	-33315.8082218156	10.5938440473348	0.724565036236459
ecg_db_patient_02	s0015lre	5	s0015lre_L5	18	-33528.022479474	10.554048059877	0.733847630110351
ecg_db_patient_02	s0015lre	6	s0015lre_L6	1	-46573.6266892367	9.62696540740327	0.89931567384662
ecg_db_patient_02	s0015lre	6	s0015lre_L6	2	-46320.618913345	9.64537650396592	0.87410115906164
ecg_db_patient_02	s0015lre	6	s0015lre_L6	3	-46877.802596113	9.6053271823471	0.901502487310927
ecg_db_patient_02	s0015lre	6	s0015lre_L6	4	-47105.3137435584	9.56405071905455	0.901907527587687
ecg_db_patient_02	s0015lre	6	s0015lre_L6	5	-47077.3939903295	9.58693202377883	0.901523193858741
ecg_db_patient_02	s0015lre	6	s0015lre_L6	6	-46233.4755977044	9.65238960460882	0.874238024292316
ecg_db_patient_02	s0015lre	6	s0015lre_L6	7	-47498.1212815167	9.57141487831444	0.902641347440721
ecg_db_patient_02	s0015lre	6	s0015lre_L6	8	-47597.6004496271	9.57253641648028	0.900778768212924
ecg_db_patient_02	s0015lre	6	s0015lre_L6	9	-47451.4286354201	9.61978777617114	0.902276205146335
ecg_db_patient_02	s0015lre	6	s0015lre_L6	10	-46526.5442147018	9.6567322415944	0.902160046463473
ecg_db_patient_02	s0015lre	6	s0015lre_L6	11	-47048.4944804022	9.59309059898016	0.90173480467665
ecg_db_patient_02	s0015lre	6	s0015lre_L6	12	-46906.9249975775	9.66807923355732	0.902509027549809
ecg_db_patient_02	s0015lre	6	s0015lre_L6	13	-47025.2060735791	9.62661565030283	0.90235196080907
ecg_db_patient_02	s0015lre	6	s0015lre_L6	14	-46838.7422150023	9.63150098726086	0.901242392868867
ecg_db_patient_02	s0015lre	6	s0015lre_L6	15	-46135.132006125	9.69948201563531	0.900397969748239
ecg_db_patient_02	s0015lre	6	s0015lre_L6	16	-46245.3948578469	9.65694364980358	0.902216610691649
ecg_db_patient_02	s0015lre	6	s0015lre_L6	17	-46762.1352169927	9.62966703899629	0.902555491022954
ecg_db_patient_02	s0015lre	6	s0015lre_L6	18	-47091.2514753898	9.66773800905485	0.874222873159769
ecg_db_patient_02	s0015lre	7	s0015lre_L7	1	-30242.5732439505	10.6769282956449	0.660063634756698
ecg_db_patient_02	s0015lre	7	s0015lre_L7	2	-30586.127470838	10.5478138291903	0.697508648771496
ecg_db_patient_02	s0015lre	7	s0015lre_L7	3	-30681.1729655031	10.5757077221701	0.673694603671624
ecg_db_patient_02	s0015lre	7	s0015lre_L7	4	-30861.2129150075	10.5336182464884	0.720403525163506
ecg_db_patient_02	s0015lre	7	s0015lre_L7	5	-30755.5700882204	10.5444532371999	0.718205095830913
ecg_db_patient_02	s0015lre	7	s0015lre_L7	6	-30609.9882742558	10.5039653176971	0.698042473674907
ecg_db_patient_02	s0015lre	7	s0015lre_L7	7	-30830.5009826517	10.5006630676625	0.674205701876215
ecg_db_patient_02	s0015lre	7	s0015lre_L7	8	-30875.8006586281	10.5035714757766	0.693706724577662
ecg_db_patient_02	s0015lre	7	s0015lre_L7	9	-30887.7173098086	10.4928394892678	0.715256180399485
ecg_db_patient_02	s0015lre	7	s0015lre_L7	10	-30715.2647282739	10.5541303198826	0.697661675210222
ecg_db_patient_02	s0015lre	7	s0015lre_L7	11	-30735.6182087938	10.5559248727991	0.692661296431908
ecg_db_patient_02	s0015lre	7	s0015lre_L7	12	-30727.2626661403	10.5221254460417	0.715910709325522
ecg_db_patient_02	s0015lre	7	s0015lre_L7	13	-30755.5447408191	10.5221987388102	0.715307694250145
ecg_db_patient_02	s0015lre	7	s0015lre_L7	14	-31060.6737952728	10.5023760702115	0.716624327668493
ecg_db_patient_02	s0015lre	7	s0015lre_L7	15	-30595.8378227453	10.5515707877024	0.718415696573319
ecg_db_patient_02	s0015lre	7	s0015lre_L7	16	-30923.2334753743	10.5433609168631	0.678092472412313
ecg_db_patient_02	s0015lre	7	s0015lre_L7	17	-30477.1342251786	10.6039982964564	0.683292341102497
ecg_db_patient_02	s0015lre	7	s0015lre_L7	18	-30802.6711588819	10.5035587205829	0.700963612029999
ecg_db_patient_02	s0015lre	8	s0015lre_L8	1	-33438.5166129904	10.6651759336574	0.722025201383803
ecg_db_patient_02	s0015lre	8	s0015lre_L8	2	-33483.9209652987	10.5488002249855	0.730967904850888
ecg_db_patient_02	s0015lre	8	s0015lre_L8	3	-33712.1809663046	10.5621994880463	0.722228731597687
ecg_db_patient_02	s0015lre	8	s0015lre_L8	4	-33621.9821527779	10.5485214102005	0.756294032978965
ecg_db_patient_02	s0015lre	8	s0015lre_L8	5	-33428.272284541	10.5551044023381	0.752061816620792
ecg_db_patient_02	s0015lre	8	s0015lre_L8	6	-33338.8425902291	10.5266296767393	0.729780561096942
ecg_db_patient_02	s0015lre	8	s0015lre_L8	7	-33549.4045978394	10.52073903572	0.721976717759653
ecg_db_patient_02	s0015lre	8	s0015lre_L8	8	-33464.8352274304	10.5336703105942	0.738357617231888
ecg_db_patient_02	s0015lre	8	s0015lre_L8	9	-33555.5913739028	10.5544021652583	0.752995126385697
ecg_db_patient_02	s0015lre	8	s0015lre_L8	10	-33606.920152839	10.5603474850471	0.739536375344057
ecg_db_patient_02	s0015lre	8	s0015lre_L8	11	-33428.5657310798	10.5721107824816	0.731968384636752
ecg_db_patient_02	s0015lre	8	s0015lre_L8	12	-33499.6702515377	10.5545246208043	0.750002272669882
ecg_db_patient_02	s0015lre	8	s0015lre_L8	13	-33467.8049466603	10.5498470829932	0.749504305446832
ecg_db_patient_02	s0015lre	8	s0015lre_L8	14	-33636.3966206067	10.5305481956862	0.749911365874599
ecg_db_patient_02	s0015lre	8	s0015lre_L8	15	-33227.8055610943	10.577472595281	0.753481982778213
ecg_db_patient_02	s0015lre	8	s0015lre_L8	16	-33579.5796697646	10.5466468159305	0.721215120830282
ecg_db_patient_02	s0015lre	8	s0015lre_L8	17	-33386.639843428	10.5978593809017	0.725645311987071
ecg_db_patient_02	s0015lre	8	s0015lre_L8	18	-33530.4238612903	10.549573885482	0.734767808893715
ecg_db_patient_02	s0015lre	9	s0015lre_L9	1	-46712.4707785979	9.62507122721046	0.900262619630817
ecg_db_patient_02	s0015lre	9	s0015lre_L9	2	-46269.2942061587	9.6420870290381	0.873528951289109
ecg_db_patient_02	s0015lre	9	s0015lre_L9	3	-46771.288040421	9.60377489063663	0.901105022600439
ecg_db_patient_02	s0015lre	9	s0015lre_L9	4	-47189.7073823891	9.56190768385714	0.901645918032373
ecg_db_patient_02	s0015lre	9	s0015lre_L9	5	-46962.2354607941	9.58397152780767	0.901304007474559
ecg_db_patient_02	s0015lre	9	s0015lre_L9	6	-46244.0246470413	9.65133516604522	0.873862276205146
ecg_db_patient_02	s0015lre	9	s0015lre_L9	7	-47419.7233182802	9.56882531616805	0.901993384005454
ecg_db_patient_02	s0015lre	9	s0015lre_L9	8	-47528.4532190638	9.57338263980427	0.901170172470392
ecg_db_patient_02	s0015lre	9	s0015lre_L9	9	-47461.6451554863	9.62396734318617	0.902765586727608
ecg_db_patient_02	s0015lre	9	s0015lre_L9	10	-46379.8609894532	9.65347290111057	0.902047423044873
ecg_db_patient_02	s0015lre	9	s0015lre_L9	11	-46871.8452139386	9.59213504725936	0.901766622054999
ecg_db_patient_02	s0015lre	9	s0015lre_L9	12	-46941.714847702	9.66615280303717	0.902593873892073
ecg_db_patient_02	s0015lre	9	s0015lre_L9	13	-47021.5002941883	9.62730214360446	0.901406530138128
ecg_db_patient_02	s0015lre	9	s0015lre_L9	14	-46933.2273334676	9.63233815552732	0.90118229337643
ecg_db_patient_02	s0015lre	9	s0015lre_L9	15	-46170.8238892732	9.69501774026284	0.900127774551148
ecg_db_patient_02	s0015lre	9	s0015lre_L9	16	-46201.7877196371	9.65187268590496	0.902155501123709
ecg_db_patient_02	s0015lre	9	s0015lre_L9	17	-46907.8116296924	9.62321646555339	0.902569632079998
ecg_db_patient_02	s0015lre	9	s0015lre_L9	18	-47134.1186675131	9.66087964513378	0.874432463826671
ecg_db_patient_02	s0015lre	10	s0015lre_L10	1	-30220.7707145786	10.6795741230163	0.661344410494685
ecg_db_patient_02	s0015lre	10	s0015lre_L10	2	-30564.2369811768	10.5479407290848	0.697797025327643
ecg_db_patient_02	s0015lre	10	s0015lre_L10	3	-30719.3223182147	10.5762016778671	0.674140552006262
ecg_db_patient_02	s0015lre	10	s0015lre_L10	4	-30795.7627530887	10.53399231991	0.720162117118255
ecg_db_patient_02	s0015lre	10	s0015lre_L10	5	-30767.6295358295	10.5462426459333	0.718605085730158
ecg_db_patient_02	s0015lre	10	s0015lre_L10	6	-30675.0293198237	10.5011892313008	0.697757632383021
ecg_db_patient_02	s0015lre	10	s0015lre_L10	7	-30847.279208272	10.5039345194091	0.674025403398904
ecg_db_patient_02	s0015lre	10	s0015lre_L10	8	-30907.8650184942	10.4995783839944	0.693678947501326
ecg_db_patient_02	s0015lre	10	s0015lre_L10	9	-30897.6314632174	10.4856282021101	0.715545567031136
ecg_db_patient_02	s0015lre	10	s0015lre_L10	10	-30742.652023392	10.5471545667667	0.696336456150097
ecg_db_patient_02	s0015lre	10	s0015lre_L10	11	-30757.0363144524	10.5479193274951	0.693363803944345
ecg_db_patient_02	s0015lre	10	s0015lre_L10	12	-30658.4316919258	10.5240258283948	0.716018282366607
ecg_db_patient_02	s0015lre	10	s0015lre_L10	13	-30813.1802252045	10.5144360148328	0.716822807504861
ecg_db_patient_02	s0015lre	10	s0015lre_L10	14	-31066.393777079	10.5016640096181	0.718141966111967
ecg_db_patient_02	s0015lre	10	s0015lre_L10	15	-30663.5536996436	10.5465508606494	0.718016211711826
ecg_db_patient_02	s0015lre	10	s0015lre_L10	16	-30782.0559850865	10.5468949526604	0.677295017802581
ecg_db_patient_02	s0015lre	10	s0015lre_L10	17	-30556.5492982154	10.5999364568391	0.684077674806192
ecg_db_patient_02	s0015lre	10	s0015lre_L10	18	-30806.7898542502	10.5046693213622	0.700139895457185
ecg_db_patient_02	s0015lre	11	s0015lre_L11	1	-33392.1672414663	10.6613526634522	0.721492891593647
ecg_db_patient_02	s0015lre	11	s0015lre_L11	2	-33495.4518794291	10.5491649916226	0.730791141637837
ecg_db_patient_02	s0015lre	11	s0015lre_L11	3	-33677.8449142884	10.5659682038868	0.722615590515391
ecg_db_patient_02	s0015lre	11	s0015lre_L11	4	-33489.4447693626	10.5547087100935	0.755907679099013
ecg_db_patient_02	s0015lre	11	s0015lre_L11	5	-33334.5465342635	10.5653647397316	0.751874952652711
ecg_db_patient_02	s0015lre	11	s0015lre_L11	6	-33345.5601463765	10.5234064136952	0.730929016944017
ecg_db_patient_02	s0015lre	11	s0015lre_L11	7	-33563.0893672266	10.5298298740374	0.722307517486932
ecg_db_patient_02	s0015lre	11	s0015lre_L11	8	-33506.2936792503	10.5296186936104	0.738146006413979
ecg_db_patient_02	s0015lre	11	s0015lre_L11	9	-33542.0128273279	10.5454218694961	0.753949142698417
ecg_db_patient_02	s0015lre	11	s0015lre_L11	10	-33663.7453536265	10.5528497914049	0.739397489962375
ecg_db_patient_02	s0015lre	11	s0015lre_L11	11	-33437.7643961874	10.572596599124	0.731772429989142
ecg_db_patient_02	s0015lre	11	s0015lre_L11	12	-33429.5713563461	10.5568278128702	0.749376025857933
ecg_db_patient_02	s0015lre	11	s0015lre_L11	13	-33461.5019429646	10.547484800528	0.750656801595919
ecg_db_patient_02	s0015lre	11	s0015lre_L11	14	-33595.2720179625	10.5302709707433	0.74848513926416
ecg_db_patient_02	s0015lre	11	s0015lre_L11	15	-33224.4287314799	10.5770448403079	0.754033484002929
ecg_db_patient_02	s0015lre	11	s0015lre_L11	16	-33562.7885848698	10.5533593097904	0.720394434483978
ecg_db_patient_02	s0015lre	11	s0015lre_L11	17	-33311.970724185	10.5992809292398	0.724467058912654
ecg_db_patient_02	s0015lre	11	s0015lre_L11	18	-33523.8384485372	10.5443933576526	0.73495265271079
ecg_db_patient_02	s0015lre	12	s0015lre_L12	1	-46755.4427033527	9.62194650739257	0.898813161283806
ecg_db_patient_02	s0015lre	12	s0015lre_L12	2	-46285.3831557213	9.64119192499885	0.87279664654933
ecg_db_patient_02	s0015lre	12	s0015lre_L12	3	-46840.8403061231	9.59933212070344	0.900470695184465
ecg_db_patient_02	s0015lre	12	s0015lre_L12	4	-47258.4814372809	9.56552977970009	0.902019645968536
ecg_db_patient_02	s0015lre	12	s0015lre_L12	5	-47046.5464730821	9.57917358096939	0.900458574278427
ecg_db_patient_02	s0015lre	12	s0015lre_L12	6	-46222.0627313916	9.65109293018263	0.873868336658165
ecg_db_patient_02	s0015lre	12	s0015lre_L12	7	-47321.6306975144	9.56823224629455	0.901985808439181
ecg_db_patient_02	s0015lre	12	s0015lre_L12	8	-47613.0867421562	9.56966455918226	0.901011590616399
ecg_db_patient_02	s0015lre	12	s0015lre_L12	9	-47573.8733021008	9.62924694803373	0.903387288199793
ecg_db_patient_02	s0015lre	12	s0015lre_L12	10	-46480.2679142047	9.65096045470014	0.902069644705942
ecg_db_patient_02	s0015lre	12	s0015lre_L12	11	-46897.6114221525	9.59324526001955	0.902230751748693
ecg_db_patient_02	s0015lre	12	s0015lre_L12	12	-46998.4530215228	9.6611859927171	0.902375192545643
ecg_db_patient_02	s0015lre	12	s0015lre_L12	13	-47061.0275803613	9.62660566213653	0.901589353804197
ecg_db_patient_02	s0015lre	12	s0015lre_L12	14	-46904.6423078256	9.63761803290084	0.9017509658847
ecg_db_patient_02	s0015lre	12	s0015lre_L12	15	-46242.3615632765	9.69258619190962	0.900922703972122
ecg_db_patient_02	s0015lre	12	s0015lre_L12	16	-46210.2102848057	9.65071351844339	0.902195904143835
ecg_db_patient_02	s0015lre	12	s0015lre_L12	17	-46915.3034937364	9.62386092147641	0.902412565339259
ecg_db_patient_02	s0015lre	12	s0015lre_L12	18	-47187.6718685865	9.6595458988431	0.874554682962551
ecg_db_patient_02	s0015lre	13	s0015lre_L13	1	-30196.3176067058	10.6839144238868	0.66109896214742
ecg_db_patient_02	s0015lre	13	s0015lre_L13	2	-30594.3089579575	10.5528668902991	0.698297012701699
ecg_db_patient_02	s0015lre	13	s0015lre_L13	3	-30701.3915856733	10.5736696033074	0.6737511678998
ecg_db_patient_02	s0015lre	13	s0015lre_L13	4	-30877.95285036	10.5223644220544	0.719694957198051
ecg_db_patient_02	s0015lre	13	s0015lre_L13	5	-30767.2789928855	10.5418669975061	0.717887932122926
ecg_db_patient_02	s0015lre	13	s0015lre_L13	6	-30654.4800152562	10.5042271724806	0.697742986288225
ecg_db_patient_02	s0015lre	13	s0015lre_L13	7	-30919.5811347681	10.4948618357405	0.674479432337567
ecg_db_patient_02	s0015lre	13	s0015lre_L13	8	-30942.1432060688	10.4987142269165	0.693424913512285
ecg_db_patient_02	s0015lre	13	s0015lre_L13	9	-30801.583514274	10.495986708295	0.714551652736042
ecg_db_patient_02	s0015lre	13	s0015lre_L13	10	-30767.6492132247	10.5549276602749	0.696911694149138
ecg_db_patient_02	s0015lre	13	s0015lre_L13	11	-30702.6672017933	10.5485420716276	0.693314310244691
ecg_db_patient_02	s0015lre	13	s0015lre_L13	12	-30727.618393582	10.5210228551814	0.715460720688871
ecg_db_patient_02	s0015lre	13	s0015lre_L13	13	-30861.6812677468	10.5182226226814	0.71578141966112
ecg_db_patient_02	s0015lre	13	s0015lre_L13	14	-31050.7424036831	10.5015832006486	0.718155602131259
ecg_db_patient_02	s0015lre	13	s0015lre_L13	15	-30648.9845141294	10.5458547765573	0.716709679048509
ecg_db_patient_02	s0015lre	13	s0015lre_L13	16	-30856.8726290259	10.5396153000052	0.677949041690866
ecg_db_patient_02	s0015lre	13	s0015lre_L13	17	-30570.3544569448	10.5952456579955	0.683908992197167
ecg_db_patient_02	s0015lre	13	s0015lre_L13	18	-30851.3857639648	10.5073018771175	0.700744425645817
ecg_db_patient_02	s0015lre	14	s0015lre_L14	1	-33476.2048559594	10.6583524107237	0.722504482210045
ecg_db_patient_02	s0015lre	14	s0015lre_L14	2	-33476.6801230042	10.5558780020787	0.731860811595667
ecg_db_patient_02	s0015lre	14	s0015lre_L14	3	-33621.2798499535	10.5728777292671	0.723170121966617
ecg_db_patient_02	s0015lre	14	s0015lre_L14	4	-33534.7006331219	10.5486813781493	0.75627938688417
ecg_db_patient_02	s0015lre	14	s0015lre_L14	5	-33414.3528293867	10.5712291047002	0.752098179338906
ecg_db_patient_02	s0015lre	14	s0015lre_L14	6	-33326.140436261	10.525121861719	0.730556804121108
ecg_db_patient_02	s0015lre	14	s0015lre_L14	7	-33561.8778793549	10.5432480162542	0.72209792682003
ecg_db_patient_02	s0015lre	14	s0015lre_L14	8	-33499.3991240813	10.5309741593895	0.738087422034797
ecg_db_patient_02	s0015lre	14	s0015lre_L14	9	-33508.5456645578	10.5378840810556	0.752300699477286
ecg_db_patient_02	s0015lre	14	s0015lre_L14	10	-33670.9829291731	10.5565020646981	0.738628317466731
ecg_db_patient_02	s0015lre	14	s0015lre_L14	11	-33445.9859912926	10.5747888629684	0.733171384560996
ecg_db_patient_02	s0015lre	14	s0015lre_L14	12	-33430.1134510235	10.5608243741598	0.750993156738466
ecg_db_patient_02	s0015lre	14	s0015lre_L14	13	-33544.3230666313	10.5446590592512	0.751457286432161
ecg_db_patient_02	s0015lre	14	s0015lre_L14	14	-33605.4531025668	10.5350433912278	0.749205828135653
ecg_db_patient_02	s0015lre	14	s0015lre_L14	15	-33331.6540476083	10.5699037194765	0.754343577182394
ecg_db_patient_02	s0015lre	14	s0015lre_L14	16	-33596.4299735611	10.5589817226568	0.720152521400975
ecg_db_patient_02	s0015lre	14	s0015lre_L14	17	-33356.9506606783	10.5964126092241	0.724965531173455
ecg_db_patient_02	s0015lre	14	s0015lre_L14	18	-33505.4916788277	10.5422942520099	0.735045074619328
ecg_db_patient_02	s0015lre	15	s0015lre_L15	1	-46641.3306473926	9.61676404434704	0.899052549178051
ecg_db_patient_02	s0015lre	15	s0015lre_L15	2	-46342.6165530008	9.64308026302131	0.87292846140249
ecg_db_patient_02	s0015lre	15	s0015lre_L15	3	-46777.1236596142	9.60232976628452	0.900706547814449
ecg_db_patient_02	s0015lre	15	s0015lre_L15	4	-47123.9397916318	9.56480796638077	0.902206004898866
ecg_db_patient_02	s0015lre	15	s0015lre_L15	5	-47025.5780081059	9.58410648729996	0.900086361455519
ecg_db_patient_02	s0015lre	15	s0015lre_L15	6	-46294.8205402469	9.64639124625177	0.873836519279816
ecg_db_patient_02	s0015lre	15	s0015lre_L15	7	-47377.476761582	9.56985309531941	0.902642357516224
ecg_db_patient_02	s0015lre	15	s0015lre_L15	8	-47647.5706688098	9.56291407335211	0.900707052852201
ecg_db_patient_02	s0015lre	15	s0015lre_L15	9	-47599.3354147309	9.6267445378101	0.902728213933992
ecg_db_patient_02	s0015lre	15	s0015lre_L15	10	-46513.4988606693	9.64994238379676	0.902259033862781
ecg_db_patient_02	s0015lre	15	s0015lre_L15	11	-46749.6605817372	9.60051532389051	0.902450443170627
ecg_db_patient_02	s0015lre	15	s0015lre_L15	12	-46875.0929253952	9.66367236204512	0.902183783237797
ecg_db_patient_02	s0015lre	15	s0015lre_L15	13	-47057.6876218982	9.62402023990236	0.902539834852655
ecg_db_patient_02	s0015lre	15	s0015lre_L15	14	-46825.2067690361	9.63387226055129	0.902037827327593
ecg_db_patient_02	s0015lre	15	s0015lre_L15	15	-46243.2573454557	9.69623526015585	0.901297441983788
ecg_db_patient_02	s0015lre	15	s0015lre_L15	16	-46141.6265888335	9.65492734558695	0.902047423044873
ecg_db_patient_02	s0015lre	15	s0015lre_L15	17	-46823.0331251961	9.62516120981829	0.902227216484432
ecg_db_patient_02	s0015lre	15	s0015lre_L15	18	-47083.1742945822	9.6565772035088	0.874725385722583
ecg_db_patient_03	s0017lre	1	s0017lre_L1	1	-12566.6912333363	10.6565621026992	0.393045125123103
ecg_db_patient_03	s0017lre	1	s0017lre_L1	2	-11977.9686664007	10.6705651799556	0.439121739350016
ecg_db_patient_03	s0017lre	1	s0017lre_L1	3	-12549.875414105	10.6545373486139	0.443448902805485
ecg_db_patient_03	s0017lre	1	s0017lre_L1	4	-13357.0419234145	10.5245674510074	0.444452412817858
ecg_db_patient_03	s0017lre	1	s0017lre_L1	5	-12881.5148577985	10.5570135934472	0.449247746269034
ecg_db_patient_03	s0017lre	1	s0017lre_L1	6	-13364.4772857078	10.5781295937231	0.481829751773945
ecg_db_patient_03	s0017lre	1	s0017lre_L1	7	-13110.5981854546	10.5377388378216	0.482325698845989
ecg_db_patient_03	s0017lre	1	s0017lre_L1	8	-12809.9529048201	10.5844780108603	0.440052523926164
ecg_db_patient_03	s0017lre	1	s0017lre_L1	9	-12978.9418802114	10.5950146833235	0.444034241559557
ecg_db_patient_03	s0017lre	1	s0017lre_L1	10	-12450.8450984968	10.5938236540382	0.439740915633444
ecg_db_patient_03	s0017lre	1	s0017lre_L1	11	-13291.0531475686	10.5886102766336	0.444693820863109
ecg_db_patient_03	s0017lre	1	s0017lre_L1	12	-12389.3259937327	10.5787312408154	0.440004545339764
ecg_db_patient_03	s0017lre	1	s0017lre_L1	13	-12886.1816154147	10.6291273257197	0.443532234034494
ecg_db_patient_03	s0017lre	1	s0017lre_L1	14	-13033.2884802408	10.5740219240633	0.435418802555491
ecg_db_patient_03	s0017lre	1	s0017lre_L1	15	-12520.597363433	10.6375848583368	0.424264538774273
ecg_db_patient_03	s0017lre	1	s0017lre_L1	16	-12485.3743164721	10.6079584153823	0.440840887856367
ecg_db_patient_03	s0017lre	1	s0017lre_L1	17	-12728.9436272383	10.6107366362662	0.446271053761269
ecg_db_patient_03	s0017lre	1	s0017lre_L1	18	-12135.7806584877	10.6557712642173	0.436378374283478
ecg_db_patient_03	s0017lre	2	s0017lre_L2	1	-10607.2068721466	10.5322853220508	0.290905785207444
ecg_db_patient_03	s0017lre	2	s0017lre_L2	2	-11504.0996107464	10.4334554069799	0.371754248630085
ecg_db_patient_03	s0017lre	2	s0017lre_L2	3	-11195.189086697	10.3675336319525	0.420636852604732
ecg_db_patient_03	s0017lre	2	s0017lre_L2	4	-12484.2234668275	10.2552367071373	0.409773995606172
ecg_db_patient_03	s0017lre	2	s0017lre_L2	5	-11575.3200219226	10.3253601393298	0.390850231054771
ecg_db_patient_03	s0017lre	2	s0017lre_L2	6	-11182.4969375404	10.4063892707825	0.40084492815838
ecg_db_patient_03	s0017lre	2	s0017lre_L2	7	-12919.6573416795	10.310226194048	0.372318375798591
ecg_db_patient_03	s0017lre	2	s0017lre_L2	8	-10984.6307839966	10.4005099742287	0.367277594000152
ecg_db_patient_03	s0017lre	2	s0017lre_L2	9	-11951.8918166319	10.3672992193359	0.402015100628772
ecg_db_patient_03	s0017lre	2	s0017lre_L2	10	-11124.9775403781	10.4058278381218	0.35665210474483
ecg_db_patient_03	s0017lre	2	s0017lre_L2	11	-11325.4986563193	10.4053499637685	0.34671801217141
ecg_db_patient_03	s0017lre	2	s0017lre_L2	12	-11287.8802584176	10.3295938028506	0.374414787505366
ecg_db_patient_03	s0017lre	2	s0017lre_L2	13	-11110.8104748757	10.432801868797	0.369295724855433
ecg_db_patient_03	s0017lre	2	s0017lre_L2	14	-11271.2244748674	10.3203835047382	0.393560263629706
ecg_db_patient_03	s0017lre	2	s0017lre_L2	15	-10825.9537007149	10.4466530157059	0.343329208858362
ecg_db_patient_03	s0017lre	2	s0017lre_L2	16	-10845.7143510761	10.4042164172731	0.405422085300876
ecg_db_patient_03	s0017lre	2	s0017lre_L2	17	-11367.2496489663	10.3868032688073	0.400818161157547
ecg_db_patient_03	s0017lre	2	s0017lre_L2	18	-11166.7680027341	10.4319947501997	0.412660286356405
ecg_db_patient_03	s0017lre	3	s0017lre_L3	1	-20088.2798051937	9.63274360033735	0.338682356506149
ecg_db_patient_03	s0017lre	3	s0017lre_L3	2	-21576.4783636185	9.40031972890739	0.45749703290321
ecg_db_patient_03	s0017lre	3	s0017lre_L3	3	-20338.2429963993	9.23896612733041	0.524129693694604
ecg_db_patient_03	s0017lre	3	s0017lre_L3	4	-21529.4236292608	9.13966096829709	0.490701244918058
ecg_db_patient_03	s0017lre	3	s0017lre_L3	5	-19642.6070728622	9.21878341869768	0.549559859599505
ecg_db_patient_03	s0017lre	3	s0017lre_L3	6	-19146.3891287144	9.32299903821201	0.552656751092144
ecg_db_patient_03	s0017lre	3	s0017lre_L3	7	-20970.2499062665	9.13743807148718	0.552151208302821
ecg_db_patient_03	s0017lre	3	s0017lre_L3	8	-19281.508755644	9.27726390613744	0.506755890002778
ecg_db_patient_03	s0017lre	3	s0017lre_L3	9	-20396.4972133111	9.22554312998565	0.521148960884826
ecg_db_patient_03	s0017lre	3	s0017lre_L3	10	-19276.390839707	9.24924607023645	0.528916946541754
ecg_db_patient_03	s0017lre	3	s0017lre_L3	11	-19286.4858357606	9.30838033018289	0.508090704780182
ecg_db_patient_03	s0017lre	3	s0017lre_L3	12	-20128.3625910147	9.14972890273811	0.566986692255246
ecg_db_patient_03	s0017lre	3	s0017lre_L3	13	-20102.4123708468	9.37998129197309	0.487211939092447
ecg_db_patient_03	s0017lre	3	s0017lre_L3	14	-20452.6702205719	9.21831376759967	0.478104088280599
ecg_db_patient_03	s0017lre	3	s0017lre_L3	15	-20308.5247960512	9.28400155917894	0.474878917199061
ecg_db_patient_03	s0017lre	3	s0017lre_L3	16	-19968.8285726474	9.34950864079554	0.508181611575465
ecg_db_patient_03	s0017lre	3	s0017lre_L3	17	-20823.7638945614	9.27010469416444	0.498326304891291
ecg_db_patient_03	s0017lre	3	s0017lre_L3	18	-20455.9723343014	9.3494246356232	0.496265245827126
ecg_db_patient_03	s0017lre	4	s0017lre_L4	1	-12588.2700726839	10.6573115909301	0.391758793969849
ecg_db_patient_03	s0017lre	4	s0017lre_L4	2	-11967.7771861176	10.6744394026138	0.439889396732406
ecg_db_patient_03	s0017lre	4	s0017lre_L4	3	-12582.0007042039	10.6552461829333	0.442976187470013
ecg_db_patient_03	s0017lre	4	s0017lre_L4	4	-13361.7561922314	10.525027433823	0.445305926618015
ecg_db_patient_03	s0017lre	4	s0017lre_L4	5	-12864.5466029125	10.5593975668015	0.447967475568799
ecg_db_patient_03	s0017lre	4	s0017lre_L4	6	-13329.5109475779	10.5791858077718	0.481727734148128
ecg_db_patient_03	s0017lre	4	s0017lre_L4	7	-13137.5746439282	10.538950081097	0.481818640943411
ecg_db_patient_03	s0017lre	4	s0017lre_L4	8	-12796.134481579	10.5833659628179	0.442098936895533
ecg_db_patient_03	s0017lre	4	s0017lre_L4	9	-12973.4254090348	10.5969760135515	0.443603949395217
ecg_db_patient_03	s0017lre	4	s0017lre_L4	10	-12465.6559159425	10.5917316241243	0.440903007499811
ecg_db_patient_03	s0017lre	4	s0017lre_L4	11	-13225.3517277765	10.5880244789502	0.445743794348628
ecg_db_patient_03	s0017lre	4	s0017lre_L4	12	-12357.9600998588	10.5778246924226	0.439763137294513
ecg_db_patient_03	s0017lre	4	s0017lre_L4	13	-12848.5120503847	10.6294651935255	0.442698416706649
ecg_db_patient_03	s0017lre	4	s0017lre_L4	14	-13072.7462026629	10.5719562265572	0.436386959925254
ecg_db_patient_03	s0017lre	4	s0017lre_L4	15	-12476.3987339309	10.6394665972049	0.424174137016742
ecg_db_patient_03	s0017lre	4	s0017lre_L4	16	-12516.2192533972	10.6059497984145	0.440326759425267
ecg_db_patient_03	s0017lre	4	s0017lre_L4	17	-12697.0348504537	10.6116725642711	0.446314992045655
ecg_db_patient_03	s0017lre	4	s0017lre_L4	18	-12115.1969687479	10.6563720644136	0.435762733264312
ecg_db_patient_03	s0017lre	5	s0017lre_L5	1	-10552.0855304624	10.5313581387534	0.292040099997475
ecg_db_patient_03	s0017lre	5	s0017lre_L5	2	-11430.7670828182	10.4386501027034	0.371171940102523
ecg_db_patient_03	s0017lre	5	s0017lre_L5	3	-11148.0682984387	10.3686300511886	0.419847478599025
ecg_db_patient_03	s0017lre	5	s0017lre_L5	4	-12432.8891482253	10.2492521326052	0.409101285321078
ecg_db_patient_03	s0017lre	5	s0017lre_L5	5	-11483.727640686	10.3278771345735	0.388558369738138
ecg_db_patient_03	s0017lre	5	s0017lre_L5	6	-11155.6903761072	10.4042429068837	0.399375773339057
ecg_db_patient_03	s0017lre	5	s0017lre_L5	7	-12824.695672131	10.307760110933	0.366343274159743
ecg_db_patient_03	s0017lre	5	s0017lre_L5	8	-10915.0679975197	10.4067442258391	0.365651877477841
ecg_db_patient_03	s0017lre	5	s0017lre_L5	9	-11882.193172402	10.3690205801196	0.399384864018585
ecg_db_patient_03	s0017lre	5	s0017lre_L5	10	-11020.8088394223	10.4051102698072	0.355176384434736
ecg_db_patient_03	s0017lre	5	s0017lre_L5	11	-11203.9100228697	10.4028386412007	0.346209944193328
ecg_db_patient_03	s0017lre	5	s0017lre_L5	12	-11210.6185852842	10.3306284980372	0.372624933713795
ecg_db_patient_03	s0017lre	5	s0017lre_L5	13	-10963.0829184645	10.434213098085	0.369101790358829
ecg_db_patient_03	s0017lre	5	s0017lre_L5	14	-11227.2980312691	10.3226020576659	0.393399661624706
ecg_db_patient_03	s0017lre	5	s0017lre_L5	15	-10655.401849612	10.4502058523816	0.342471654756193
ecg_db_patient_03	s0017lre	5	s0017lre_L5	16	-10764.2719446843	10.3939131744531	0.406334183480215
ecg_db_patient_03	s0017lre	5	s0017lre_L5	17	-11276.8943475053	10.3863035335108	0.398982348930583
ecg_db_patient_03	s0017lre	5	s0017lre_L5	18	-11027.8133253225	10.4378178073193	0.414386000353526
ecg_db_patient_03	s0017lre	6	s0017lre_L6	1	-20027.6347925554	9.64058418696744	0.33843539304563
ecg_db_patient_03	s0017lre	6	s0017lre_L6	2	-21639.5241596056	9.4030154110661	0.459509103305472
ecg_db_patient_03	s0017lre	6	s0017lre_L6	3	-20362.0304787913	9.23982941992997	0.521145425620565
ecg_db_patient_03	s0017lre	6	s0017lre_L6	4	-21344.0501135653	9.11981143436483	0.496013737026843
ecg_db_patient_03	s0017lre	6	s0017lre_L6	5	-19482.4729613757	9.22867682896168	0.548187672028484
ecg_db_patient_03	s0017lre	6	s0017lre_L6	6	-19164.8035790914	9.32294783359681	0.551836569783591
ecg_db_patient_03	s0017lre	6	s0017lre_L6	7	-20910.3098503665	9.13362717447207	0.555271331532032
ecg_db_patient_03	s0017lre	6	s0017lre_L6	8	-19330.2894865009	9.29575337712064	0.504119087901821
ecg_db_patient_03	s0017lre	6	s0017lre_L6	9	-20435.439923589	9.24203270553401	0.517029872983006
ecg_db_patient_03	s0017lre	6	s0017lre_L6	10	-19248.865775465	9.23893194166208	0.528087674553673
ecg_db_patient_03	s0017lre	6	s0017lre_L6	11	-19240.3622138189	9.30631684799041	0.507192242620136
ecg_db_patient_03	s0017lre	6	s0017lre_L6	12	-20256.9649734636	9.1511705180193	0.568254842049443
ecg_db_patient_03	s0017lre	6	s0017lre_L6	13	-20296.7786227691	9.38276638282389	0.488488169490669
ecg_db_patient_03	s0017lre	6	s0017lre_L6	14	-20380.220592645	9.2286196815388	0.478995984949875
ecg_db_patient_03	s0017lre	6	s0017lre_L6	15	-20282.0919539401	9.29162877922407	0.477080881795914
ecg_db_patient_03	s0017lre	6	s0017lre_L6	16	-19609.6253514172	9.33567334634919	0.514282972652206
ecg_db_patient_03	s0017lre	6	s0017lre_L6	17	-20810.6401501905	9.26447216550617	0.499179313653696
ecg_db_patient_03	s0017lre	6	s0017lre_L6	18	-20514.0674725194	9.35336745354414	0.498822757001086
ecg_db_patient_03	s0017lre	7	s0017lre_L7	1	-12569.9896766829	10.6583110629976	0.392750183076185
ecg_db_patient_03	s0017lre	7	s0017lre_L7	2	-11957.9381253785	10.6741149112848	0.439836367768491
ecg_db_patient_03	s0017lre	7	s0017lre_L7	3	-12571.5484481265	10.6544288737391	0.442905482184793
ecg_db_patient_03	s0017lre	7	s0017lre_L7	4	-13382.3151743368	10.5233546993514	0.445859447993738
ecg_db_patient_03	s0017lre	7	s0017lre_L7	5	-12924.4758047281	10.5583432277504	0.448648266457918
ecg_db_patient_03	s0017lre	7	s0017lre_L7	6	-13343.2604603674	10.5785759875942	0.480704527663443
ecg_db_patient_03	s0017lre	7	s0017lre_L7	7	-13148.8509016654	10.5416638203224	0.482765081689856
ecg_db_patient_03	s0017lre	7	s0017lre_L7	8	-12810.1485503957	10.5837728505234	0.442130754273882
ecg_db_patient_03	s0017lre	7	s0017lre_L7	9	-13012.7113439853	10.5977823822439	0.444378172268377
ecg_db_patient_03	s0017lre	7	s0017lre_L7	10	-12487.197939811	10.5919887816046	0.441226736698568
ecg_db_patient_03	s0017lre	7	s0017lre_L7	11	-13259.5694044862	10.5877873354405	0.44490290649226
ecg_db_patient_03	s0017lre	7	s0017lre_L7	12	-12333.9599502175	10.5772271788859	0.440866644781697
ecg_db_patient_03	s0017lre	7	s0017lre_L7	13	-12841.1275245435	10.631263789	0.442992853715815
ecg_db_patient_03	s0017lre	7	s0017lre_L7	14	-13070.9165977348	10.5712449660803	0.436506148834625
ecg_db_patient_03	s0017lre	7	s0017lre_L7	15	-12523.1835116296	10.6415309650758	0.423990808312921
ecg_db_patient_03	s0017lre	7	s0017lre_L7	16	-12487.4357752674	10.6035559731578	0.440746950834575
ecg_db_patient_03	s0017lre	7	s0017lre_L7	17	-12663.3527475319	10.6123287852794	0.447209413903689
ecg_db_patient_03	s0017lre	7	s0017lre_L7	18	-12113.1988059624	10.656355222745	0.437390469937628
ecg_db_patient_03	s0017lre	8	s0017lre_L8	1	-10641.0861015617	10.5330803375282	0.291531526981642
ecg_db_patient_03	s0017lre	8	s0017lre_L8	2	-11522.701641396	10.4391583880505	0.372292618873261
ecg_db_patient_03	s0017lre	8	s0017lre_L8	3	-11212.0376988707	10.3650671740059	0.421514608216964
ecg_db_patient_03	s0017lre	8	s0017lre_L8	4	-12452.8881933757	10.2503553255989	0.406389737632888
ecg_db_patient_03	s0017lre	8	s0017lre_L8	5	-11528.0234951908	10.3296774855491	0.389846721042398
ecg_db_patient_03	s0017lre	8	s0017lre_L8	6	-11241.8328350646	10.3985902764239	0.404233731471427
ecg_db_patient_03	s0017lre	8	s0017lre_L8	7	-12951.2744042789	10.3095033512062	0.365025125628141
ecg_db_patient_03	s0017lre	8	s0017lre_L8	8	-10964.1066332877	10.4079305682877	0.366997298048029
ecg_db_patient_03	s0017lre	8	s0017lre_L8	9	-11890.762262534	10.3674122436676	0.401617635918285
ecg_db_patient_03	s0017lre	8	s0017lre_L8	10	-11057.4771484786	10.406087363061	0.356962197924295
ecg_db_patient_03	s0017lre	8	s0017lre_L8	11	-11243.2510776836	10.4025258057983	0.348067978081362
ecg_db_patient_03	s0017lre	8	s0017lre_L8	12	-11292.3427299233	10.3349589721876	0.375166788717457
ecg_db_patient_03	s0017lre	8	s0017lre_L8	13	-11003.5003590937	10.4362283723442	0.372443625160981
ecg_db_patient_03	s0017lre	8	s0017lre_L8	14	-11313.7915090807	10.321136863547	0.394222368122017
ecg_db_patient_03	s0017lre	8	s0017lre_L8	15	-10731.7938422873	10.4550809926368	0.345528648266458
ecg_db_patient_03	s0017lre	8	s0017lre_L8	16	-10861.6413780116	10.3829655047234	0.405817024822606
ecg_db_patient_03	s0017lre	8	s0017lre_L8	17	-11478.6869334006	10.3873799848539	0.405102901441883
ecg_db_patient_03	s0017lre	8	s0017lre_L8	18	-10969.7631175281	10.440856623463	0.418813666321558
ecg_db_patient_03	s0017lre	9	s0017lre_L9	1	-19931.120247065	9.64231204223334	0.339960102017626
ecg_db_patient_03	s0017lre	9	s0017lre_L9	2	-21648.9031381386	9.39782046530828	0.461067144769072
ecg_db_patient_03	s0017lre	9	s0017lre_L9	3	-20380.34905969	9.23069781652063	0.52222974167319
ecg_db_patient_03	s0017lre	9	s0017lre_L9	4	-21514.5233926115	9.10594016036277	0.495687987677079
ecg_db_patient_03	s0017lre	9	s0017lre_L9	5	-19480.1398990988	9.23112477237748	0.544842301962072
ecg_db_patient_03	s0017lre	9	s0017lre_L9	6	-19275.913730943	9.30065783106076	0.555057700563117
ecg_db_patient_03	s0017lre	9	s0017lre_L9	7	-20898.4377324447	9.12984760988344	0.548961389863892
ecg_db_patient_03	s0017lre	9	s0017lre_L9	8	-19233.7318992746	9.31336868243048	0.501601474710235
ecg_db_patient_03	s0017lre	9	s0017lre_L9	9	-20315.3304646921	9.24128157302501	0.516490492664327
ecg_db_patient_03	s0017lre	9	s0017lre_L9	10	-19368.3812890622	9.24454918522626	0.527424054948107
ecg_db_patient_03	s0017lre	9	s0017lre_L9	11	-19034.2973048378	9.30027834600314	0.510703770106815
ecg_db_patient_03	s0017lre	9	s0017lre_L9	12	-20292.1260941328	9.1678778125664	0.565517537435923
ecg_db_patient_03	s0017lre	9	s0017lre_L9	13	-20316.7108209691	9.38417961317302	0.488328577561173
ecg_db_patient_03	s0017lre	9	s0017lre_L9	14	-20398.3173759086	9.22792515107125	0.478010151258807
ecg_db_patient_03	s0017lre	9	s0017lre_L9	15	-20272.8855413174	9.29863702977466	0.48601752480998
ecg_db_patient_03	s0017lre	9	s0017lre_L9	16	-19778.2445123871	9.29681283472128	0.514416302618621
ecg_db_patient_03	s0017lre	9	s0017lre_L9	17	-21026.7431249619	9.26440346420784	0.505226635691018
ecg_db_patient_03	s0017lre	9	s0017lre_L9	18	-20468.3776304285	9.36713225807657	0.50231004267569
ecg_db_patient_03	s0017lre	10	s0017lre_L10	1	-12541.0774933781	10.6559383991025	0.392314335496578
ecg_db_patient_03	s0017lre	10	s0017lre_L10	2	-11942.0294793588	10.6749503375132	0.438161662584278
ecg_db_patient_03	s0017lre	10	s0017lre_L10	3	-12566.2616384177	10.6549164519233	0.442766091765359
ecg_db_patient_03	s0017lre	10	s0017lre_L10	4	-13383.420289574	10.5239038822647	0.444601903992323
ecg_db_patient_03	s0017lre	10	s0017lre_L10	5	-12896.1199005015	10.5587853189254	0.448918461655009
ecg_db_patient_03	s0017lre	10	s0017lre_L10	6	-13314.9982702671	10.5761260151036	0.480334840029292
ecg_db_patient_03	s0017lre	10	s0017lre_L10	7	-13133.0739644324	10.5392581024501	0.482971642130249
ecg_db_patient_03	s0017lre	10	s0017lre_L10	8	-12781.7645111066	10.5869921184762	0.440507057902578
ecg_db_patient_03	s0017lre	10	s0017lre_L10	9	-13030.2688229627	10.5959102798364	0.445305421580263
ecg_db_patient_03	s0017lre	10	s0017lre_L10	10	-12470.5808854682	10.5914804089681	0.441393904194339
ecg_db_patient_03	s0017lre	10	s0017lre_L10	11	-13266.0351010372	10.5881011181988	0.445409459357087
ecg_db_patient_03	s0017lre	10	s0017lre_L10	12	-12358.3419217384	10.5799310053981	0.439247493750158
ecg_db_patient_03	s0017lre	10	s0017lre_L10	13	-12823.3293929515	10.6309488818501	0.442809019974243
ecg_db_patient_03	s0017lre	10	s0017lre_L10	14	-13107.0298990091	10.5747519680725	0.435301128759375
ecg_db_patient_03	s0017lre	10	s0017lre_L10	15	-12543.9598679884	10.6395673240424	0.423210019948991
ecg_db_patient_03	s0017lre	10	s0017lre_L10	16	-12472.5440376858	10.603771188496	0.441438852554228
ecg_db_patient_03	s0017lre	10	s0017lre_L10	17	-12665.4438421269	10.6105861096441	0.447930102775182
ecg_db_patient_03	s0017lre	10	s0017lre_L10	18	-12140.9897131782	10.6566705619168	0.437560667659908
ecg_db_patient_03	s0017lre	11	s0017lre_L11	1	-10639.1402381047	10.5286093676672	0.290621448953309
ecg_db_patient_03	s0017lre	11	s0017lre_L11	2	-11532.1431221436	10.4389250361834	0.3716143531729
ecg_db_patient_03	s0017lre	11	s0017lre_L11	3	-11196.3843373936	10.3628533324514	0.420163632231509
ecg_db_patient_03	s0017lre	11	s0017lre_L11	4	-12394.7860629249	10.2549022229962	0.403447892729982
ecg_db_patient_03	s0017lre	11	s0017lre_L11	5	-11544.9668376451	10.3266197168241	0.392066361960557
ecg_db_patient_03	s0017lre	11	s0017lre_L11	6	-11233.7950428386	10.3972081651831	0.402475695058206
ecg_db_patient_03	s0017lre	11	s0017lre_L11	7	-12909.3506265339	10.3066887320934	0.367352339587384
ecg_db_patient_03	s0017lre	11	s0017lre_L11	8	-10994.5323736072	10.4022244648127	0.367634655690513
ecg_db_patient_03	s0017lre	11	s0017lre_L11	9	-11958.7649007299	10.3626224165122	0.403840812100705
ecg_db_patient_03	s0017lre	11	s0017lre_L11	10	-11016.7761451124	10.4086714546507	0.357607636170804
ecg_db_patient_03	s0017lre	11	s0017lre_L11	11	-11233.4609922444	10.4022799217887	0.346738718719224
ecg_db_patient_03	s0017lre	11	s0017lre_L11	12	-11276.6444420886	10.337774888698	0.373635009216939
ecg_db_patient_03	s0017lre	11	s0017lre_L11	13	-10994.9489966188	10.4352745959043	0.372472917350572
ecg_db_patient_03	s0017lre	11	s0017lre_L11	14	-11251.5583106224	10.3175670110794	0.394803666574076
ecg_db_patient_03	s0017lre	11	s0017lre_L11	15	-10778.7889803712	10.4534810602074	0.344630186106411
ecg_db_patient_03	s0017lre	11	s0017lre_L11	16	-10908.7303947778	10.385585431241	0.403367591727482
ecg_db_patient_03	s0017lre	11	s0017lre_L11	17	-11324.2993010831	10.3906722020428	0.404095856165248
ecg_db_patient_03	s0017lre	11	s0017lre_L11	18	-10977.2036627646	10.4374071535929	0.421340370192672
ecg_db_patient_03	s0017lre	12	s0017lre_L12	1	-19890.3368904081	9.63680912221373	0.340823211535062
ecg_db_patient_03	s0017lre	12	s0017lre_L12	2	-21543.4390282871	9.39811160446353	0.462243882730234
ecg_db_patient_03	s0017lre	12	s0017lre_L12	3	-20246.7689203048	9.22742708496484	0.524171611827984
ecg_db_patient_03	s0017lre	12	s0017lre_L12	4	-21362.1610110782	9.1177656247174	0.487628090199742
ecg_db_patient_03	s0017lre	12	s0017lre_L12	5	-19491.8734262393	9.22664857749134	0.5456867250827
ecg_db_patient_03	s0017lre	12	s0017lre_L12	6	-19209.7672721721	9.2852032233152	0.556412211812833
ecg_db_patient_03	s0017lre	12	s0017lre_L12	7	-20898.0795866459	9.13416538320687	0.54384889270473
ecg_db_patient_03	s0017lre	12	s0017lre_L12	8	-19120.3139232554	9.30507685017147	0.501155021337845
ecg_db_patient_03	s0017lre	12	s0017lre_L12	9	-20251.2704018138	9.22177636830073	0.520574732961289
ecg_db_patient_03	s0017lre	12	s0017lre_L12	10	-19437.6954852037	9.25038438320508	0.527545769046236
ecg_db_patient_03	s0017lre	12	s0017lre_L12	11	-18901.8944508616	9.29944685811647	0.511681523193859
ecg_db_patient_03	s0017lre	12	s0017lre_L12	12	-20266.4124518714	9.17725080675264	0.562761546425595
ecg_db_patient_03	s0017lre	12	s0017lre_L12	13	-20126.2873084486	9.38321435274395	0.488145248857352
ecg_db_patient_03	s0017lre	12	s0017lre_L12	14	-20374.2864444316	9.21436150396336	0.479295472336557
ecg_db_patient_03	s0017lre	12	s0017lre_L12	15	-20240.3802381959	9.29388803459772	0.487594252670387
ecg_db_patient_03	s0017lre	12	s0017lre_L12	16	-20093.5466162719	9.29034450155343	0.509583091336077
ecg_db_patient_03	s0017lre	12	s0017lre_L12	17	-21097.5079140368	9.26386628204977	0.508268983106487
ecg_db_patient_03	s0017lre	12	s0017lre_L12	18	-20337.1964425738	9.37283662897926	0.501227746774071
ecg_db_patient_03	s0017lre	13	s0017lre_L13	1	-12555.7436576751	10.6568378864338	0.390577510668922
ecg_db_patient_03	s0017lre	13	s0017lre_L13	2	-11966.9069023007	10.6709410488809	0.439079821216636
ecg_db_patient_03	s0017lre	13	s0017lre_L13	3	-12583.3660885308	10.6539143416726	0.443429711370925
ecg_db_patient_03	s0017lre	13	s0017lre_L13	4	-13352.637553715	10.5229718704978	0.444341809550264
ecg_db_patient_03	s0017lre	13	s0017lre_L13	5	-12856.2516112486	10.5595302431923	0.44885785712482
ecg_db_patient_03	s0017lre	13	s0017lre_L13	6	-13312.7679030415	10.5754381384516	0.480356051614858
ecg_db_patient_03	s0017lre	13	s0017lre_L13	7	-13103.3087940988	10.5369766279524	0.48373020883311
ecg_db_patient_03	s0017lre	13	s0017lre_L13	8	-12776.5187858413	10.5862518956236	0.439765662483271
ecg_db_patient_03	s0017lre	13	s0017lre_L13	9	-13018.1960692438	10.5968572653807	0.443374662256004
ecg_db_patient_03	s0017lre	13	s0017lre_L13	10	-12432.5370054663	10.5939441770952	0.441070174995581
ecg_db_patient_03	s0017lre	13	s0017lre_L13	11	-13296.3150793642	10.587897445591	0.444899371227999
ecg_db_patient_03	s0017lre	13	s0017lre_L13	12	-12394.4420165292	10.578506574103	0.439651523951415
ecg_db_patient_03	s0017lre	13	s0017lre_L13	13	-12856.0035210632	10.630589041819	0.443097396530391
ecg_db_patient_03	s0017lre	13	s0017lre_L13	14	-13065.6819218501	10.574746349735	0.435083962526199
ecg_db_patient_03	s0017lre	13	s0017lre_L13	15	-12580.7478330297	10.6378358224417	0.424509987121537
ecg_db_patient_03	s0017lre	13	s0017lre_L13	16	-12517.2762469975	10.6036939512163	0.440763112042625
ecg_db_patient_03	s0017lre	13	s0017lre_L13	17	-12705.8395945816	10.6101211915206	0.446649832074948
ecg_db_patient_03	s0017lre	13	s0017lre_L13	18	-12115.056889019	10.655731986998	0.43591323451428
ecg_db_patient_03	s0017lre	14	s0017lre_L14	1	-10654.373952055	10.5298382596367	0.290166914976895
ecg_db_patient_03	s0017lre	14	s0017lre_L14	2	-11490.0742149171	10.4338021072025	0.37023610514886
ecg_db_patient_03	s0017lre	14	s0017lre_L14	3	-11187.7465457599	10.3638435370114	0.420685841266635
ecg_db_patient_03	s0017lre	14	s0017lre_L14	4	-12432.8372226994	10.2552575300617	0.405727633140577
ecg_db_patient_03	s0017lre	14	s0017lre_L14	5	-11566.0766613115	10.3249508790154	0.390081563596879
ecg_db_patient_03	s0017lre	14	s0017lre_L14	6	-11197.8336679979	10.4001995288877	0.402475190020454
ecg_db_patient_03	s0017lre	14	s0017lre_L14	7	-12899.8986314434	10.3078069675712	0.370877503093356
ecg_db_patient_03	s0017lre	14	s0017lre_L14	8	-10968.6940443531	10.3979838658213	0.367319512133532
ecg_db_patient_03	s0017lre	14	s0017lre_L14	9	-11956.8207279123	10.3641495339981	0.40415090528017
ecg_db_patient_03	s0017lre	14	s0017lre_L14	10	-11050.3309560538	10.4098345057462	0.358243478700033
ecg_db_patient_03	s0017lre	14	s0017lre_L14	11	-11335.8724100695	10.4060266540874	0.346124592813313
ecg_db_patient_03	s0017lre	14	s0017lre_L14	12	-11326.1549054775	10.3342839295329	0.372234034494078
ecg_db_patient_03	s0017lre	14	s0017lre_L14	13	-11074.2198202909	10.4351116234243	0.370439635362743
ecg_db_patient_03	s0017lre	14	s0017lre_L14	14	-11297.4773184249	10.3187931032581	0.392972904724628
ecg_db_patient_03	s0017lre	14	s0017lre_L14	15	-10822.5090821873	10.4478202208651	0.342235297088457
ecg_db_patient_03	s0017lre	14	s0017lre_L14	16	-10885.1042171898	10.3973297731842	0.402684275649605
ecg_db_patient_03	s0017lre	14	s0017lre_L14	17	-11316.6372062843	10.3890600375839	0.402111057801571
ecg_db_patient_03	s0017lre	14	s0017lre_L14	18	-11054.2711332858	10.4332552074892	0.415924345344815
ecg_db_patient_03	s0017lre	15	s0017lre_L15	1	-19997.8919211559	9.6308668680384	0.340739375268301
ecg_db_patient_03	s0017lre	15	s0017lre_L15	2	-21464.9945084281	9.39903135331198	0.459365672584026
ecg_db_patient_03	s0017lre	15	s0017lre_L15	3	-20277.6542623883	9.23369719012278	0.52635489002803
ecg_db_patient_03	s0017lre	15	s0017lre_L15	4	-21491.5295150755	9.13484013847228	0.485078154592056
ecg_db_patient_03	s0017lre	15	s0017lre_L15	5	-19645.2422356726	9.21866823608255	0.547628595237494
ecg_db_patient_03	s0017lre	15	s0017lre_L15	6	-19231.1477940278	9.29932533906115	0.552818868210399
ecg_db_patient_03	s0017lre	15	s0017lre_L15	7	-21066.3969249454	9.13376032109037	0.545010479533345
ecg_db_patient_03	s0017lre	15	s0017lre_L15	8	-19235.9306416198	9.28185694813679	0.504045857427843
ecg_db_patient_03	s0017lre	15	s0017lre_L15	9	-20361.7165808369	9.2095594524776	0.523933234009242
ecg_db_patient_03	s0017lre	15	s0017lre_L15	10	-19441.7215514759	9.25564607804103	0.529681068659882
ecg_db_patient_03	s0017lre	15	s0017lre_L15	11	-18980.5958104729	9.30535931344072	0.508598267720512
ecg_db_patient_03	s0017lre	15	s0017lre_L15	12	-20170.6010278971	9.16805582520657	0.562695386480139
ecg_db_patient_03	s0017lre	15	s0017lre_L15	13	-20061.8080434548	9.378281605554	0.488747253857226
ecg_db_patient_03	s0017lre	15	s0017lre_L15	14	-20306.8287036352	9.20981734974997	0.478655084467564
ecg_db_patient_03	s0017lre	15	s0017lre_L15	15	-20128.3414308869	9.28681487611756	0.479868690184591
ecg_db_patient_03	s0017lre	15	s0017lre_L15	16	-20290.7791894572	9.31977233344959	0.504876139491427
ecg_db_patient_03	s0017lre	15	s0017lre_L15	17	-21035.1030995649	9.27016323578921	0.504446352364839
ecg_db_patient_03	s0017lre	15	s0017lre_L15	18	-20301.8884157038	9.36348615176675	0.497345016539986
ecg_db_patient_04	s0020are	1	s0020are_L1	1	-31434.45798825	9.69416335442341	0.514809727027095
ecg_db_patient_04	s0020are	1	s0020are_L1	2	-32465.2197590091	9.60095167681984	0.557862680235348
ecg_db_patient_04	s0020are	1	s0020are_L1	3	-32094.4045181924	9.69806928019502	0.487199818186409
ecg_db_patient_04	s0020are	1	s0020are_L1	4	-32239.9878560477	9.62832947786585	0.579133355218303
ecg_db_patient_04	s0020are	1	s0020are_L1	5	-32683.9132760857	9.69865658411238	0.505174111764854
ecg_db_patient_04	s0020are	1	s0020are_L1	6	-30411.2973362081	9.74971068300709	0.531356783919598
ecg_db_patient_04	s0020are	1	s0020are_L1	7	-31893.31248697	9.62859402974206	0.546797303098407
ecg_db_patient_04	s0020are	1	s0020are_L1	8	-31550.7620023258	9.68976749468337	0.511317390974975
ecg_db_patient_04	s0020are	1	s0020are_L1	9	-31779.2788166085	9.6255532196569	0.550130552258781
ecg_db_patient_04	s0020are	1	s0020are_L1	10	-31293.3464514859	9.72085525294749	0.513021893386531
ecg_db_patient_04	s0020are	1	s0020are_L1	11	-30499.4834082216	9.72610159373568	0.499833842579733
ecg_db_patient_04	s0020are	1	s0020are_L1	12	-32663.0100593206	9.62070709222331	0.565250877503093
ecg_db_patient_04	s0020are	1	s0020are_L1	13	-30911.3322978114	9.70896826977386	0.462877705108457
ecg_db_patient_04	s0020are	1	s0020are_L1	14	-31897.7977366757	9.60929003993109	0.578336405646322
ecg_db_patient_04	s0020are	1	s0020are_L1	15	-31642.3914723621	9.69709301567944	0.507842226206409
ecg_db_patient_04	s0020are	1	s0020are_L1	16	-31066.9088468238	9.72864558159669	0.547823034771849
ecg_db_patient_04	s0020are	1	s0020are_L1	17	-32169.9504210649	9.64139505666114	0.559269210373475
ecg_db_patient_04	s0020are	1	s0020are_L1	18	-31812.2176676658	9.7157963904636	0.488105350874978
ecg_db_patient_04	s0020are	2	s0020are_L2	1	-23997.0048382751	10.201608595723	0.378061665109467
ecg_db_patient_04	s0020are	2	s0020are_L2	2	-23284.3273992852	10.2323499514561	0.43470518421252
ecg_db_patient_04	s0020are	2	s0020are_L2	3	-24880.2207211832	10.1456909266731	0.394266306406404
ecg_db_patient_04	s0020are	2	s0020are_L2	4	-23560.8113467805	10.2295719843972	0.440523219110629
ecg_db_patient_04	s0020are	2	s0020are_L2	5	-25236.5600437276	10.1583693101597	0.411565869548749
ecg_db_patient_04	s0020are	2	s0020are_L2	6	-22595.0869784429	10.3439689755092	0.397631372945128
ecg_db_patient_04	s0020are	2	s0020are_L2	7	-23291.9443513174	10.1880112832073	0.449827529607838
ecg_db_patient_04	s0020are	2	s0020are_L2	8	-23425.2001572641	10.275505415965	0.384527158405091
ecg_db_patient_04	s0020are	2	s0020are_L2	9	-23650.7061403247	10.1773738152692	0.400157066740739
ecg_db_patient_04	s0020are	2	s0020are_L2	10	-23965.1961744412	10.2840278929546	0.412050705790258
ecg_db_patient_04	s0020are	2	s0020are_L2	11	-22452.9582038054	10.2850442089425	0.38248024039797
ecg_db_patient_04	s0020are	2	s0020are_L2	12	-23553.0795592117	10.1887195385094	0.464900381303502
ecg_db_patient_04	s0020are	2	s0020are_L2	13	-23276.124110913	10.2777610137008	0.39078861644908
ecg_db_patient_04	s0020are	2	s0020are_L2	14	-23388.0976375617	10.2041498138747	0.461733289563395
ecg_db_patient_04	s0020are	2	s0020are_L2	15	-24013.2109221898	10.2052395462484	0.390554783970102
ecg_db_patient_04	s0020are	2	s0020are_L2	16	-22372.2591074252	10.3266921885195	0.430087119012146
ecg_db_patient_04	s0020are	2	s0020are_L2	17	-24582.3020598169	10.1662641144384	0.437962172672407
ecg_db_patient_04	s0020are	2	s0020are_L2	18	-23567.9816483135	10.2251889267763	0.366883159516174
ecg_db_patient_04	s0020are	3	s0020are_L3	1	-22847.7236559987	10.2101532617524	0.340917653594606
ecg_db_patient_04	s0020are	3	s0020are_L3	2	-24544.6571754862	10.0647210524007	0.390835079922224
ecg_db_patient_04	s0020are	3	s0020are_L3	3	-23861.6556457604	10.1120416251541	0.321318653569354
ecg_db_patient_04	s0020are	3	s0020are_L3	4	-23793.2666644505	10.107882412165	0.375480922198934
ecg_db_patient_04	s0020are	3	s0020are_L3	5	-23405.9444800632	10.1252649231977	0.329009873488043
ecg_db_patient_04	s0020are	3	s0020are_L3	6	-23379.9206155562	10.1562575933322	0.355013257240979
ecg_db_patient_04	s0020are	3	s0020are_L3	7	-23058.4225814721	10.0956151771469	0.364850887603848
ecg_db_patient_04	s0020are	3	s0020are_L3	8	-23978.8792842621	10.1163612096429	0.366474078937401
ecg_db_patient_04	s0020are	3	s0020are_L3	9	-24829.6598664735	10.0078505474547	0.353845104921593
ecg_db_patient_04	s0020are	3	s0020are_L3	10	-22829.7567367803	10.1856478710233	0.335418802555491
ecg_db_patient_04	s0020are	3	s0020are_L3	11	-23380.1120699232	10.0725910018621	0.325867528597763
ecg_db_patient_04	s0020are	3	s0020are_L3	12	-23938.4699177079	10.0239211745454	0.415646069543698
ecg_db_patient_04	s0020are	3	s0020are_L3	13	-22349.2091827939	10.0870168873432	0.315091538092472
ecg_db_patient_04	s0020are	3	s0020are_L3	14	-24549.6216209126	10.0769194290399	0.432396151612333
ecg_db_patient_04	s0020are	3	s0020are_L3	15	-24073.8458524209	10.085421352578	0.34027625565011
ecg_db_patient_04	s0020are	3	s0020are_L3	16	-23357.8752425871	10.1546477849424	0.349926517007146
ecg_db_patient_04	s0020are	3	s0020are_L3	17	-24640.5789352317	10.0416482478216	0.410028029595212
ecg_db_patient_04	s0020are	3	s0020are_L3	18	-23683.5436300995	10.086772110963	0.341219161132295
ecg_db_patient_04	s0020are	4	s0020are_L4	1	-31479.3494623087	9.68617542913515	0.513790560844423
ecg_db_patient_04	s0020are	4	s0020are_L4	2	-32297.4626062833	9.59864083851077	0.556351607282644
ecg_db_patient_04	s0020are	4	s0020are_L4	3	-31764.4430947474	9.69656321419386	0.487575061235827
ecg_db_patient_04	s0020are	4	s0020are_L4	4	-32350.5441635905	9.6230636026149	0.581975707684149
ecg_db_patient_04	s0020are	4	s0020are_L4	5	-32749.1315401269	9.69267366703274	0.50724830181056
ecg_db_patient_04	s0020are	4	s0020are_L4	6	-30936.2807076917	9.73921625300444	0.533026943764046
ecg_db_patient_04	s0020are	4	s0020are_L4	7	-31759.534107279	9.62088663994683	0.548046766495796
ecg_db_patient_04	s0020are	4	s0020are_L4	8	-31435.0123016894	9.68885327336477	0.512539582333779
ecg_db_patient_04	s0020are	4	s0020are_L4	9	-31684.5946290026	9.62596831212378	0.550944168076564
ecg_db_patient_04	s0020are	4	s0020are_L4	10	-31514.6948300953	9.71560010533244	0.512204742304487
ecg_db_patient_04	s0020are	4	s0020are_L4	11	-30612.8819167744	9.723886646079	0.500526754374889
ecg_db_patient_04	s0020are	4	s0020are_L4	12	-32901.1907054533	9.62182666978787	0.563956465745814
ecg_db_patient_04	s0020are	4	s0020are_L4	13	-31355.9181811188	9.72021099546252	0.491727481629252
ecg_db_patient_04	s0020are	4	s0020are_L4	14	-31694.0686896506	9.61778071364582	0.575446074594076
ecg_db_patient_04	s0020are	4	s0020are_L4	15	-31641.6283514935	9.69009784565517	0.508035150627509
ecg_db_patient_04	s0020are	4	s0020are_L4	16	-31484.7938998525	9.72171973988308	0.548899775258201
ecg_db_patient_04	s0020are	4	s0020are_L4	17	-32105.9615299417	9.64231872868683	0.559268705335724
ecg_db_patient_04	s0020are	4	s0020are_L4	18	-31795.6057047378	9.71733006374255	0.488406353374915
ecg_db_patient_04	s0020are	5	s0020are_L5	1	-23826.3555733048	10.2073524132431	0.376489987626575
ecg_db_patient_04	s0020are	5	s0020are_L5	2	-23305.213133399	10.2299215591892	0.43493346127623
ecg_db_patient_04	s0020are	5	s0020are_L5	3	-24763.8291043016	10.1459095891221	0.392429484103937
ecg_db_patient_04	s0020are	5	s0020are_L5	4	-23714.3481225651	10.2314207629139	0.440174238024292
ecg_db_patient_04	s0020are	5	s0020are_L5	5	-25047.807342738	10.1481510608949	0.41338804575642
ecg_db_patient_04	s0020are	5	s0020are_L5	6	-22802.0910690743	10.3334229634947	0.398357617231888
ecg_db_patient_04	s0020are	5	s0020are_L5	7	-23251.5782754859	10.1900955826775	0.450799727279614
ecg_db_patient_04	s0020are	5	s0020are_L5	8	-23348.4343875202	10.2687358323774	0.384239286886695
ecg_db_patient_04	s0020are	5	s0020are_L5	9	-23733.0850843845	10.1805231964165	0.400562612055251
ecg_db_patient_04	s0020are	5	s0020are_L5	10	-23919.5090305702	10.2870368220503	0.41162394889018
ecg_db_patient_04	s0020are	5	s0020are_L5	11	-22423.4433283852	10.2828751903376	0.382379737885407
ecg_db_patient_04	s0020are	5	s0020are_L5	12	-23664.7989987195	10.187998033273	0.463095376379384
ecg_db_patient_04	s0020are	5	s0020are_L5	13	-23377.6854875505	10.2187526594076	0.365048862402465
ecg_db_patient_04	s0020are	5	s0020are_L5	14	-23382.311446906	10.2055674726393	0.458837403095881
ecg_db_patient_04	s0020are	5	s0020are_L5	15	-24049.4982286708	10.2005664751741	0.391002247417994
ecg_db_patient_04	s0020are	5	s0020are_L5	16	-22435.3735090127	10.3304763713417	0.430845685715007
ecg_db_patient_04	s0020are	5	s0020are_L5	17	-24736.6208368879	10.1653917136964	0.439500517663695
ecg_db_patient_04	s0020are	5	s0020are_L5	18	-23425.4632787077	10.2230947805207	0.366302871139618
ecg_db_patient_04	s0020are	6	s0020are_L6	1	-23121.9785354589	10.2128282941722	0.340097977323805
ecg_db_patient_04	s0020are	6	s0020are_L6	2	-24391.3928354167	10.0675678812301	0.389424509482084
ecg_db_patient_04	s0020are	6	s0020are_L6	3	-23768.9293796334	10.1049014145304	0.321162596904119
ecg_db_patient_04	s0020are	6	s0020are_L6	4	-23804.6084580787	10.1008297151806	0.374900128784627
ecg_db_patient_04	s0020are	6	s0020are_L6	5	-23317.5563852969	10.1246564346911	0.328265447842226
ecg_db_patient_04	s0020are	6	s0020are_L6	6	-23300.3493293817	10.145863939525	0.354015302643873
ecg_db_patient_04	s0020are	6	s0020are_L6	7	-22958.7192995649	10.107732384163	0.364120097977324
ecg_db_patient_04	s0020are	6	s0020are_L6	8	-24007.3580437198	10.1145887843019	0.363465569051287
ecg_db_patient_04	s0020are	6	s0020are_L6	9	-24344.3211732011	10.0132184769495	0.352362314082978
ecg_db_patient_04	s0020are	6	s0020are_L6	10	-22942.3603578551	10.1810698385738	0.333778944976137
ecg_db_patient_04	s0020are	6	s0020are_L6	11	-23216.8240446563	10.0662806101739	0.324817050074493
ecg_db_patient_04	s0020are	6	s0020are_L6	12	-24263.0427051371	10.0161282384523	0.414590035605161
ecg_db_patient_04	s0020are	6	s0020are_L6	13	-22381.1536796173	10.0485124104756	0.313435014267316
ecg_db_patient_04	s0020are	6	s0020are_L6	14	-24484.9352810582	10.0763366988911	0.433671371935052
ecg_db_patient_04	s0020are	6	s0020are_L6	15	-23809.4663515442	10.0879451396229	0.335976869270978
ecg_db_patient_04	s0020are	6	s0020are_L6	16	-23457.6361492196	10.1631220500062	0.35067296280397
ecg_db_patient_04	s0020are	6	s0020are_L6	17	-24370.4525146223	10.0439853386294	0.409747228605338
ecg_db_patient_04	s0020are	6	s0020are_L6	18	-23760.3731820463	10.0792521360179	0.340548470998207
ecg_db_patient_04	s0020are	7	s0020are_L7	1	-31513.0470720888	9.68327842307104	0.515478397010177
ecg_db_patient_04	s0020are	7	s0020are_L7	2	-32321.6076274101	9.6025072132815	0.556102623671119
ecg_db_patient_04	s0020are	7	s0020are_L7	3	-31894.5314562068	9.69436476390642	0.487048306860938
ecg_db_patient_04	s0020are	7	s0020are_L7	4	-32216.9682927598	9.62298604668479	0.580375243049418
ecg_db_patient_04	s0020are	7	s0020are_L7	5	-32723.2654484366	9.69079555594234	0.505601373702684
ecg_db_patient_04	s0020are	7	s0020are_L7	6	-30617.5812119891	9.73579471437956	0.532620388374031
ecg_db_patient_04	s0020are	7	s0020are_L7	7	-31839.8121085028	9.62373333570802	0.546996287972526
ecg_db_patient_04	s0020are	7	s0020are_L7	8	-31328.9471624857	9.70219933954887	0.512754728415949
ecg_db_patient_04	s0020are	7	s0020are_L7	9	-31519.6139513193	9.63529632979889	0.549141183303452
ecg_db_patient_04	s0020are	7	s0020are_L7	10	-31303.7361840987	9.71242496128936	0.511473447640211
ecg_db_patient_04	s0020are	7	s0020are_L7	11	-30552.0780391028	9.72539329471516	0.501996414231964
ecg_db_patient_04	s0020are	7	s0020are_L7	12	-33272.3031091199	9.61605942220041	0.565877124315043
ecg_db_patient_04	s0020are	7	s0020are_L7	13	-31275.5588386534	9.72416174995453	0.483454458220752
ecg_db_patient_04	s0020are	7	s0020are_L7	14	-31856.4039361202	9.6174618393063	0.575111739602535
ecg_db_patient_04	s0020are	7	s0020are_L7	15	-31514.3140290424	9.69278121052127	0.50618166207924
ecg_db_patient_04	s0020are	7	s0020are_L7	16	-31626.5823093725	9.72082828419655	0.548161410065402
ecg_db_patient_04	s0020are	7	s0020are_L7	17	-31818.1556778051	9.64471538172491	0.559217696522815
ecg_db_patient_04	s0020are	7	s0020are_L7	18	-31921.0637376494	9.7194318600937	0.487516981894397
ecg_db_patient_04	s0020are	8	s0020are_L8	1	-23991.6512536512	10.1997351845678	0.376306153885003
ecg_db_patient_04	s0020are	8	s0020are_L8	2	-23136.5306931929	10.2332186002427	0.435848084644327
ecg_db_patient_04	s0020are	8	s0020are_L8	3	-24825.1173065919	10.1515946456454	0.392034544582208
ecg_db_patient_04	s0020are	8	s0020are_L8	4	-23638.5303077008	10.2329695587983	0.441629756824323
ecg_db_patient_04	s0020are	8	s0020are_L8	5	-25142.971491175	10.1397412387855	0.414163783742835
ecg_db_patient_04	s0020are	8	s0020are_L8	6	-22733.0713935225	10.3375114596956	0.397459155071842
ecg_db_patient_04	s0020are	8	s0020are_L8	7	-23352.9808556724	10.1848078293409	0.451384560995934
ecg_db_patient_04	s0020are	8	s0020are_L8	8	-23348.7982121929	10.2797340091765	0.384734223883235
ecg_db_patient_04	s0020are	8	s0020are_L8	9	-23845.9191448234	10.1844620784718	0.399389914396101
ecg_db_patient_04	s0020are	8	s0020are_L8	10	-23850.2794942983	10.2874706864879	0.410934067321532
ecg_db_patient_04	s0020are	8	s0020are_L8	11	-22319.3411640524	10.2874522428121	0.380446958410141
ecg_db_patient_04	s0020are	8	s0020are_L8	12	-23635.3891607684	10.1928435111864	0.462921138355092
ecg_db_patient_04	s0020are	8	s0020are_L8	13	-23114.61587208	10.2888871684618	0.376194540541905
ecg_db_patient_04	s0020are	8	s0020are_L8	14	-23508.7843771474	10.2082356797019	0.456271306280144
ecg_db_patient_04	s0020are	8	s0020are_L8	15	-24059.292040383	10.2012227769303	0.392022928713921
ecg_db_patient_04	s0020are	8	s0020are_L8	16	-22384.8672378635	10.3235855094004	0.431559304057978
ecg_db_patient_04	s0020are	8	s0020are_L8	17	-24794.151378838	10.1676364842346	0.439241433297139
ecg_db_patient_04	s0020are	8	s0020are_L8	18	-23413.3341301789	10.2235070197122	0.365978636903109
ecg_db_patient_04	s0020are	9	s0020are_L9	1	-23022.4204308902	10.2192401985952	0.337446529128052
ecg_db_patient_04	s0020are	9	s0020are_L9	2	-24412.7923397632	10.0706236179772	0.390995176889472
ecg_db_patient_04	s0020are	9	s0020are_L9	3	-23750.2702090154	10.1066875384459	0.32172520895937
ecg_db_patient_04	s0020are	9	s0020are_L9	4	-23810.6814923533	10.0995649619659	0.375169313906214
ecg_db_patient_04	s0020are	9	s0020are_L9	5	-23722.6130580953	10.109137083715	0.331807277594
ecg_db_patient_04	s0020are	9	s0020are_L9	6	-23444.376582283	10.1452895946589	0.351133557233403
ecg_db_patient_04	s0020are	9	s0020are_L9	7	-23050.2131358362	10.1127129592543	0.363769601777733
ecg_db_patient_04	s0020are	9	s0020are_L9	8	-24019.2389316678	10.1127892142847	0.364710992146663
ecg_db_patient_04	s0020are	9	s0020are_L9	9	-24301.9337262159	10.0182397044855	0.351131032044645
ecg_db_patient_04	s0020are	9	s0020are_L9	10	-22921.6337402752	10.1771074312435	0.333870356809171
ecg_db_patient_04	s0020are	9	s0020are_L9	11	-23287.1473253629	10.0660040441083	0.323741319663645
ecg_db_patient_04	s0020are	9	s0020are_L9	12	-24195.9720271742	10.0154924649516	0.412933511780006
ecg_db_patient_04	s0020are	9	s0020are_L9	13	-22744.3775832957	10.186318763202	0.322596399080831
ecg_db_patient_04	s0020are	9	s0020are_L9	14	-24444.9971193241	10.0765988446908	0.435130425999343
ecg_db_patient_04	s0020are	9	s0020are_L9	15	-23641.0457285569	10.087818511431	0.335730915885962
ecg_db_patient_04	s0020are	9	s0020are_L9	16	-23156.116326169	10.1700585703524	0.351654251155274
ecg_db_patient_04	s0020are	9	s0020are_L9	17	-24199.0429013856	10.0455797962664	0.41209009873488
ecg_db_patient_04	s0020are	9	s0020are_L9	18	-24011.9790864293	10.075751700685	0.341164112017373
ecg_db_patient_04	s0020are	10	s0020are_L10	1	-31509.5572868081	9.68068779183382	0.517635918284892
ecg_db_patient_04	s0020are	10	s0020are_L10	2	-32415.144569564	9.60327325425138	0.558745486225095
ecg_db_patient_04	s0020are	10	s0020are_L10	3	-32033.616684288	9.69390123412985	0.488297770258327
ecg_db_patient_04	s0020are	10	s0020are_L10	4	-32126.5463205856	9.62272642576425	0.579083356480897
ecg_db_patient_04	s0020are	10	s0020are_L10	5	-32580.0415997695	9.69506516332608	0.505208454331961
ecg_db_patient_04	s0020are	10	s0020are_L10	6	-30533.4979312748	9.73891319293741	0.531376480391909
ecg_db_patient_04	s0020are	10	s0020are_L10	7	-32061.817644716	9.62269269707237	0.547376076361708
ecg_db_patient_04	s0020are	10	s0020are_L10	8	-31406.8883144845	9.70387996135848	0.510723466579127
ecg_db_patient_04	s0020are	10	s0020are_L10	9	-31580.9275457144	9.63635455339981	0.547937678341456
ecg_db_patient_04	s0020are	10	s0020are_L10	10	-31212.3717805129	9.71318274060387	0.511345168051312
ecg_db_patient_04	s0020are	10	s0020are_L10	11	-30843.4327160322	9.72466300474383	0.501627231635565
ecg_db_patient_04	s0020are	10	s0020are_L10	12	-32757.4042525534	9.61816947834824	0.564754425393298
ecg_db_patient_04	s0020are	10	s0020are_L10	13	-31624.8925483745	9.71217446175753	0.493292088583622
ecg_db_patient_04	s0020are	10	s0020are_L10	14	-32102.7356319156	9.60922876653345	0.578261660059089
ecg_db_patient_04	s0020are	10	s0020are_L10	15	-31514.4841007804	9.70086284568946	0.506063988283124
ecg_db_patient_04	s0020are	10	s0020are_L10	16	-31673.5500793729	9.7188239594231	0.5460882300952
ecg_db_patient_04	s0020are	10	s0020are_L10	17	-31949.4291544626	9.65120231018627	0.557310673972879
ecg_db_patient_04	s0020are	10	s0020are_L10	18	-31899.7178650265	9.71588729891737	0.487611423953941
ecg_db_patient_04	s0020are	11	s0020are_L11	1	-24262.3569616654	10.193385282944	0.378122774677407
ecg_db_patient_04	s0020are	11	s0020are_L11	2	-23068.83416131	10.2318731210874	0.435995050630035
ecg_db_patient_04	s0020are	11	s0020are_L11	3	-24924.4559879416	10.150599954377	0.393579960102018
ecg_db_patient_04	s0020are	11	s0020are_L11	4	-23528.2363857448	10.2340182669848	0.442819120729275
ecg_db_patient_04	s0020are	11	s0020are_L11	5	-24930.9329277901	10.1490610723494	0.411819903537789
ecg_db_patient_04	s0020are	11	s0020are_L11	6	-22715.8408911351	10.3434117851779	0.398319234362769
ecg_db_patient_04	s0020are	11	s0020are_L11	7	-23453.0062816018	10.1808132721842	0.451742127724047
ecg_db_patient_04	s0020are	11	s0020are_L11	8	-23290.2632168576	10.2857962674503	0.384594833463801
ecg_db_patient_04	s0020are	11	s0020are_L11	9	-23644.2726509142	10.1897052574546	0.398794979924749
ecg_db_patient_04	s0020are	11	s0020are_L11	10	-23876.1187032385	10.2829044423646	0.412310295194566
ecg_db_patient_04	s0020are	11	s0020are_L11	11	-22371.8658001534	10.2896544349665	0.382267619504558
ecg_db_patient_04	s0020are	11	s0020are_L11	12	-23600.191444729	10.191615799644	0.465096840988864
ecg_db_patient_04	s0020are	11	s0020are_L11	13	-23057.1857744172	10.2903388243255	0.366606398828312
ecg_db_patient_04	s0020are	11	s0020are_L11	14	-23481.8770311008	10.2042342658135	0.457419257089467
ecg_db_patient_04	s0020are	11	s0020are_L11	15	-24014.1434558944	10.20480895289	0.391745662988308
ecg_db_patient_04	s0020are	11	s0020are_L11	16	-22414.5066130108	10.3168338190991	0.429752278982854
ecg_db_patient_04	s0020are	11	s0020are_L11	17	-24628.9405436156	10.1682977780682	0.43759046488725
ecg_db_patient_04	s0020are	11	s0020are_L11	18	-23587.6213036098	10.2238598008055	0.365657432893109
ecg_db_patient_04	s0020are	12	s0020are_L12	1	-22908.6431163196	10.2209977063218	0.337424307466983
ecg_db_patient_04	s0020are	12	s0020are_L12	2	-24538.3281078991	10.0741803302896	0.391567384662003
ecg_db_patient_04	s0020are	12	s0020are_L12	3	-23778.7748016815	10.111370148092	0.321506527612939
ecg_db_patient_04	s0020are	12	s0020are_L12	4	-23810.3102441669	10.1074419735623	0.37546678114189
ecg_db_patient_04	s0020are	12	s0020are_L12	5	-23862.4662525991	10.1045137333028	0.332738567207899
ecg_db_patient_04	s0020are	12	s0020are_L12	6	-23694.9555686641	10.1549684450341	0.349160374738012
ecg_db_patient_04	s0020are	12	s0020are_L12	7	-22990.5541799854	10.1071795334764	0.363661523698896
ecg_db_patient_04	s0020are	12	s0020are_L12	8	-23989.0946015921	10.1138541093413	0.366968005858438
ecg_db_patient_04	s0020are	12	s0020are_L12	9	-24502.6519212242	10.0161715899531	0.351763339309613
ecg_db_patient_04	s0020are	12	s0020are_L12	10	-22796.3253271754	10.1765241254373	0.334397616221813
ecg_db_patient_04	s0020are	12	s0020are_L12	11	-23180.2195368809	10.0743480435681	0.323019620716649
ecg_db_patient_04	s0020are	12	s0020are_L12	12	-24024.072218023	10.0168887105734	0.413007247291735
ecg_db_patient_04	s0020are	12	s0020are_L12	13	-22611.2374280895	10.1877981870579	0.322806999823237
ecg_db_patient_04	s0020are	12	s0020are_L12	14	-24482.4077548866	10.0758203952397	0.432927956364738
ecg_db_patient_04	s0020are	12	s0020are_L12	15	-23802.7019120073	10.0852437105653	0.339619201535315
ecg_db_patient_04	s0020are	12	s0020are_L12	16	-23111.8100537214	10.1681069333522	0.349831064872099
ecg_db_patient_04	s0020are	12	s0020are_L12	17	-24246.1493003897	10.0420837367141	0.411487083659504
ecg_db_patient_04	s0020are	12	s0020are_L12	18	-23891.5620875089	10.0800486523658	0.340063634756698
ecg_db_patient_04	s0020are	13	s0020are_L13	1	-31551.8036221964	9.69211786877769	0.515557182899422
ecg_db_patient_04	s0020are	13	s0020are_L13	2	-32675.9219269198	9.6030216122722	0.55783136789475
ecg_db_patient_04	s0020are	13	s0020are_L13	3	-32116.0013726315	9.69543656280167	0.487510416403626
ecg_db_patient_04	s0020are	13	s0020are_L13	4	-32215.0723236548	9.62853768302787	0.577944496351102
ecg_db_patient_04	s0020are	13	s0020are_L13	5	-32844.310481445	9.69716422707148	0.50445291785561
ecg_db_patient_04	s0020are	13	s0020are_L13	6	-30480.2907466346	9.74910155496349	0.530747708391202
ecg_db_patient_04	s0020are	13	s0020are_L13	7	-31852.8824638948	9.62863889779812	0.547198303073155
ecg_db_patient_04	s0020are	13	s0020are_L13	8	-31663.5650573398	9.69550993464275	0.512301709552789
ecg_db_patient_04	s0020are	13	s0020are_L13	9	-31703.3206274701	9.63364317838453	0.546918007121032
ecg_db_patient_04	s0020are	13	s0020are_L13	10	-31165.4758928435	9.71267235982863	0.513252190601247
ecg_db_patient_04	s0020are	13	s0020are_L13	11	-30801.9594682772	9.72329999094767	0.500419181333805
ecg_db_patient_04	s0020are	13	s0020are_L13	12	-32834.5531064897	9.6188434588419	0.565256937956112
ecg_db_patient_04	s0020are	13	s0020are_L13	13	-31288.8650776803	9.7101068011785	0.493205727128103
ecg_db_patient_04	s0020are	13	s0020are_L13	14	-31962.718202475	9.61175248541243	0.580010100755031
ecg_db_patient_04	s0020are	13	s0020are_L13	15	-31811.033170449	9.70199739664407	0.507335673341582
ecg_db_patient_04	s0020are	13	s0020are_L13	16	-31544.819588655	9.72127558410113	0.546520037372794
ecg_db_patient_04	s0020are	13	s0020are_L13	17	-31954.4418548837	9.64621337355583	0.558137925809954
ecg_db_patient_04	s0020are	13	s0020are_L13	18	-32013.2910621791	9.7132303188894	0.488448271508295
ecg_db_patient_04	s0020are	14	s0020are_L14	1	-24243.8853137099	10.1930678912576	0.379055074366809
ecg_db_patient_04	s0020are	14	s0020are_L14	2	-23176.3845296122	10.2314874525813	0.435643039317189
ecg_db_patient_04	s0020are	14	s0020are_L14	3	-24804.9357212214	10.1474850376088	0.393960758566703
ecg_db_patient_04	s0020are	14	s0020are_L14	4	-23560.8928924527	10.2323651566896	0.442130754273882
ecg_db_patient_04	s0020are	14	s0020are_L14	5	-24956.970037935	10.1572990282645	0.410808817959142
ecg_db_patient_04	s0020are	14	s0020are_L14	6	-22680.440962847	10.3462445049152	0.397107648796748
ecg_db_patient_04	s0020are	14	s0020are_L14	7	-23380.6728444219	10.1817599698017	0.449942678215197
ecg_db_patient_04	s0020are	14	s0020are_L14	8	-23355.2705327604	10.2821255970702	0.385850862351961
ecg_db_patient_04	s0020are	14	s0020are_L14	9	-23694.4217558602	10.1836113807754	0.399043458498523
ecg_db_patient_04	s0020are	14	s0020are_L14	10	-23944.6516998203	10.2844980891031	0.411670412363324
ecg_db_patient_04	s0020are	14	s0020are_L14	11	-22492.0003242439	10.2856899642922	0.38399686876594
ecg_db_patient_04	s0020are	14	s0020are_L14	12	-23562.4125775199	10.1884183153767	0.466083684755435
ecg_db_patient_04	s0020are	14	s0020are_L14	13	-23165.9865804871	10.2861946347336	0.381148455847075
ecg_db_patient_04	s0020are	14	s0020are_L14	14	-23473.1817615084	10.2027835265339	0.459984848867453
ecg_db_patient_04	s0020are	14	s0020are_L14	15	-24043.1927559265	10.2064755121082	0.391410317921265
ecg_db_patient_04	s0020are	14	s0020are_L14	16	-22381.7408602477	10.3172860245394	0.429503800409081
ecg_db_patient_04	s0020are	14	s0020are_L14	17	-24580.1248953393	10.168974334904	0.437553597131386
ecg_db_patient_04	s0020are	14	s0020are_L14	18	-23843.3847504914	10.2217706115543	0.367157395015277
ecg_db_patient_04	s0020are	15	s0020are_L15	1	-22815.2168813185	10.2151363485415	0.338415191535567
ecg_db_patient_04	s0020are	15	s0020are_L15	2	-24547.9042082062	10.0698543659614	0.390225499356077
ecg_db_patient_04	s0020are	15	s0020are_L15	3	-23702.6474008051	10.1143870439185	0.320627761925204
ecg_db_patient_04	s0020are	15	s0020are_L15	4	-23722.3599763594	10.1136771509565	0.374018837908134
ecg_db_patient_04	s0020are	15	s0020are_L15	5	-23747.753893529	10.1128363512461	0.330148228580086
ecg_db_patient_04	s0020are	15	s0020are_L15	6	-23531.7201694756	10.159156827373	0.350279033357744
ecg_db_patient_04	s0020are	15	s0020are_L15	7	-22923.2610905813	10.0959648895847	0.362345900356052
ecg_db_patient_04	s0020are	15	s0020are_L15	8	-23937.923952295	10.1164696768858	0.366721547435671
ecg_db_patient_04	s0020are	15	s0020are_L15	9	-24770.855894407	10.0092742149391	0.352325446327113
ecg_db_patient_04	s0020are	15	s0020are_L15	10	-22632.194465077	10.1855678050885	0.333579455064266
ecg_db_patient_04	s0020are	15	s0020are_L15	11	-23215.6571225191	10.0768917050673	0.323696876341507
ecg_db_patient_04	s0020are	15	s0020are_L15	12	-23892.4734871559	10.0226219761704	0.41409156334436
ecg_db_patient_04	s0020are	15	s0020are_L15	13	-22809.7785074098	10.1812929721108	0.330272467866973
ecg_db_patient_04	s0020are	15	s0020are_L15	14	-24439.8659193237	10.0767384087322	0.4292689578546
ecg_db_patient_04	s0020are	15	s0020are_L15	15	-24043.5565015995	10.0850024625808	0.340589884093836
ecg_db_patient_04	s0020are	15	s0020are_L15	16	-23154.0958057401	10.159790916494	0.347393752683013
ecg_db_patient_04	s0020are	15	s0020are_L15	17	-24512.5318031848	10.0396739821736	0.409591676977854
ecg_db_patient_04	s0020are	15	s0020are_L15	18	-23510.8652644955	10.0865905025234	0.339265675109214
ecg_db_patient_04-1	s0020bre	1	s0020bre_L1	1	-28084.1932906653	9.52961823337414	0.466521047448297
ecg_db_patient_04-1	s0020bre	1	s0020bre_L1	2	-25987.8835498127	9.66354033875562	0.405800863614555
ecg_db_patient_04-1	s0020bre	1	s0020bre_L1	3	-26530.3425515522	9.62222114017532	0.454006211964344
ecg_db_patient_04-1	s0020bre	1	s0020bre_L1	4	-25989.8448225305	9.74785336249166	0.376698063180223
ecg_db_patient_04-1	s0020bre	1	s0020bre_L1	5	-27558.2802021889	9.5888271749963	0.465948839675766
ecg_db_patient_04-1	s0020bre	1	s0020bre_L1	6	-25531.6248803356	9.69657594435626	0.38260548976036
ecg_db_patient_04-1	s0020bre	1	s0020bre_L1	7	-27177.0403654747	9.58417049433797	0.449978030857807
ecg_db_patient_04-1	s0020bre	1	s0020bre_L1	8	-25332.6275060521	9.64943346358251	0.404921592889068
ecg_db_patient_04-1	s0020bre	1	s0020bre_L1	9	-26170.0910291821	9.65225671436986	0.41707936668266
ecg_db_patient_04-1	s0020bre	1	s0020bre_L1	10	-28476.1925732905	9.53494794510922	0.460402515088003
ecg_db_patient_04-1	s0020bre	1	s0020bre_L1	11	-24247.9042656009	9.74447733264699	0.375257190474988
ecg_db_patient_04-1	s0020bre	1	s0020bre_L1	12	-25870.8631074527	9.65939468028679	0.439868690184591
ecg_db_patient_04-1	s0020bre	1	s0020bre_L1	13	-26921.5913895555	9.62509157271647	0.429404307972021
ecg_db_patient_04-1	s0020bre	1	s0020bre_L1	14	-25317.1215474974	9.72468485091503	0.395975354157723
ecg_db_patient_04-1	s0020bre	1	s0020bre_L1	15	-26048.1245514073	9.71230233106548	0.354066311456781
ecg_db_patient_04-1	s0020bre	1	s0020bre_L1	16	-26917.0171758017	9.5591819489333	0.471596676851595
ecg_db_patient_04-1	s0020bre	1	s0020bre_L1	17	-26500.353961894	9.72513679827325	0.381424206459433
ecg_db_patient_04-1	s0020bre	1	s0020bre_L1	18	-27571.4740550151	9.58720758340493	0.457348046766496
ecg_db_patient_04-1	s0020bre	2	s0020bre_L2	1	-18713.6989698637	10.0454309774548	0.287943233756723
ecg_db_patient_04-1	s0020bre	2	s0020bre_L2	2	-17191.6006310985	10.1876257627055	0.284293830963865
ecg_db_patient_04-1	s0020bre	2	s0020bre_L2	3	-14781.1534083662	10.3053557489856	0.296722304992298
ecg_db_patient_04-1	s0020bre	2	s0020bre_L2	4	-16073.8727061792	10.2580132758883	0.261934799626272
ecg_db_patient_04-1	s0020bre	2	s0020bre_L2	5	-16770.4970469227	10.2250925236723	0.323955455670311
ecg_db_patient_04-1	s0020bre	2	s0020bre_L2	6	-15390.5593724619	10.2785992713943	0.250328527057398
ecg_db_patient_04-1	s0020bre	2	s0020bre_L2	7	-17864.1472109173	10.1016122532875	0.298052574429939
ecg_db_patient_04-1	s0020bre	2	s0020bre_L2	8	-16133.3648728058	10.2278193666556	0.277225827630615
ecg_db_patient_04-1	s0020bre	2	s0020bre_L2	9	-17262.8624229974	10.2460147815671	0.281158556602106
ecg_db_patient_04-1	s0020bre	2	s0020bre_L2	10	-18375.6183784784	10.0551839056442	0.285724602914068
ecg_db_patient_04-1	s0020bre	2	s0020bre_L2	11	-16416.2255070018	10.2574062073877	0.256789475013257
ecg_db_patient_04-1	s0020bre	2	s0020bre_L2	12	-16825.2908026648	10.1549558083703	0.283205979646979
ecg_db_patient_04-1	s0020bre	2	s0020bre_L2	13	-17290.5991347246	10.1648584720184	0.294773364308982
ecg_db_patient_04-1	s0020bre	2	s0020bre_L2	14	-14902.918769425	10.3095099139927	0.273797631372945
ecg_db_patient_04-1	s0020bre	2	s0020bre_L2	15	-16934.0006480116	10.2135589884744	0.247786167015984
ecg_db_patient_04-1	s0020bre	2	s0020bre_L2	16	-16709.5751717816	10.1599081310306	0.317438448524027
ecg_db_patient_04-1	s0020bre	2	s0020bre_L2	17	-15596.4469299019	10.284812390406	0.251147698290447
ecg_db_patient_04-1	s0020bre	2	s0020bre_L2	18	-17481.0060604536	10.0522904962428	0.315251130021969
ecg_db_patient_04-1	s0020bre	3	s0020bre_L3	1	-25336.6382784088	10.1304468006291	0.371906264993308
ecg_db_patient_04-1	s0020bre	3	s0020bre_L3	2	-28045.5953627129	9.96878322521718	0.434733466326608
ecg_db_patient_04-1	s0020bre	3	s0020bre_L3	3	-25462.4334852886	10.011921428314	0.441969647231131
ecg_db_patient_04-1	s0020bre	3	s0020bre_L3	4	-26298.0670974502	10.162050015416	0.403135274361759
ecg_db_patient_04-1	s0020bre	3	s0020bre_L3	5	-26660.572877932	10.0827133790796	0.468439180828767
ecg_db_patient_04-1	s0020bre	3	s0020bre_L3	6	-25797.7544418473	10.0773157830038	0.389890659326785
ecg_db_patient_04-1	s0020bre	3	s0020bre_L3	7	-28286.974014453	9.90476645854901	0.487189717431378
ecg_db_patient_04-1	s0020bre	3	s0020bre_L3	8	-26925.9738698205	10.0459055479372	0.423507992222419
ecg_db_patient_04-1	s0020bre	3	s0020bre_L3	9	-25193.4151650386	10.0984481106777	0.437031893134012
ecg_db_patient_04-1	s0020bre	3	s0020bre_L3	10	-27689.3969056923	10.1297551623628	0.446150349738643
ecg_db_patient_04-1	s0020bre	3	s0020bre_L3	11	-26386.5723013748	10.0839564675596	0.404554935481427
ecg_db_patient_04-1	s0020bre	3	s0020bre_L3	12	-25799.119714257	10.0140463901541	0.42699426782152
ecg_db_patient_04-1	s0020bre	3	s0020bre_L3	13	-27085.3108623279	10.2313683106856	0.422027726572561
ecg_db_patient_04-1	s0020bre	3	s0020bre_L3	14	-25996.6727090093	10.0457076168071	0.45137041993889
ecg_db_patient_04-1	s0020bre	3	s0020bre_L3	15	-26546.2313503361	10.0126310114156	0.422881240372718
ecg_db_patient_04-1	s0020bre	3	s0020bre_L3	16	-27518.4411275377	9.98229642741205	0.472433524405949
ecg_db_patient_04-1	s0020bre	3	s0020bre_L3	17	-25859.4864171373	10.159791158834	0.377657634908209
ecg_db_patient_04-1	s0020bre	3	s0020bre_L3	18	-28857.860950025	9.97017818565295	0.472290598722254
ecg_db_patient_04-1	s0020bre	4	s0020bre_L4	1	-28127.0550441276	9.53065647591934	0.468798767707886
ecg_db_patient_04-1	s0020bre	4	s0020bre_L4	2	-26231.8547086663	9.66638503103495	0.408085654402667
ecg_db_patient_04-1	s0020bre	4	s0020bre_L4	3	-26533.610663023	9.62224848137313	0.4563374662256
ecg_db_patient_04-1	s0020bre	4	s0020bre_L4	4	-26142.9323323552	9.74246644571046	0.377331380520694
ecg_db_patient_04-1	s0020bre	4	s0020bre_L4	5	-27620.1651310167	9.5887926734514	0.46673417337946
ecg_db_patient_04-1	s0020bre	4	s0020bre_L4	6	-25606.3144503361	9.69556589984363	0.383684755435469
ecg_db_patient_04-1	s0020bre	4	s0020bre_L4	7	-27091.9651159975	9.58634465870341	0.448670993156738
ecg_db_patient_04-1	s0020bre	4	s0020bre_L4	8	-25615.4904259097	9.64768105067246	0.406498825787228
ecg_db_patient_04-1	s0020bre	4	s0020bre_L4	9	-26128.332272458	9.65547396705156	0.418061160071715
ecg_db_patient_04-1	s0020bre	4	s0020bre_L4	10	-28629.844896054	9.53494015776913	0.459481326229136
ecg_db_patient_04-1	s0020bre	4	s0020bre_L4	11	-24387.1118327078	9.74631315104959	0.375607181636827
ecg_db_patient_04-1	s0020bre	4	s0020bre_L4	12	-25859.8459334481	9.661064175436	0.441271685058458
ecg_db_patient_04-1	s0020bre	4	s0020bre_L4	13	-26866.1350987793	9.62318297207185	0.431043660513623
ecg_db_patient_04-1	s0020bre	4	s0020bre_L4	14	-25291.0858564373	9.72429921991534	0.396980379283351
ecg_db_patient_04-1	s0020bre	4	s0020bre_L4	15	-25974.5305669842	9.71214156737618	0.355739501527739
ecg_db_patient_04-1	s0020bre	4	s0020bre_L4	16	-27098.5774291649	9.55787657175539	0.472452210802758
ecg_db_patient_04-1	s0020bre	4	s0020bre_L4	17	-26594.6451280482	9.72337318041817	0.381976212721901
ecg_db_patient_04-1	s0020bre	4	s0020bre_L4	18	-27511.2239353907	9.58226792441664	0.458224287265473
ecg_db_patient_04-1	s0020bre	5	s0020bre_L5	1	-18596.2100971095	10.0502603578486	0.287678088937148
ecg_db_patient_04-1	s0020bre	5	s0020bre_L5	2	-16969.8652851521	10.1906186306925	0.284819575263251
ecg_db_patient_04-1	s0020bre	5	s0020bre_L5	3	-14795.05222955	10.3032881699129	0.296606651347188
ecg_db_patient_04-1	s0020bre	5	s0020bre_L5	4	-16001.4445337159	10.2590286682699	0.260973207747279
ecg_db_patient_04-1	s0020bre	5	s0020bre_L5	5	-16708.2187176516	10.2217523769017	0.324476149592182
ecg_db_patient_04-1	s0020bre	5	s0020bre_L5	6	-15335.1536994129	10.2789453927966	0.249483598899018
ecg_db_patient_04-1	s0020bre	5	s0020bre_L5	7	-17775.067158657	10.1063739125151	0.296063735764248
ecg_db_patient_04-1	s0020bre	5	s0020bre_L5	8	-16149.5205755884	10.2273963048264	0.278220752001212
ecg_db_patient_04-1	s0020bre	5	s0020bre_L5	9	-17347.6755433908	10.2459426074186	0.280535845054418
ecg_db_patient_04-1	s0020bre	5	s0020bre_L5	10	-18371.8443404089	10.0545730814279	0.285958435393046
ecg_db_patient_04-1	s0020bre	5	s0020bre_L5	11	-16378.4393076932	10.2581321698005	0.256168278578824
ecg_db_patient_04-1	s0020bre	5	s0020bre_L5	12	-16866.8134728669	10.1540930800351	0.282757001085831
ecg_db_patient_04-1	s0020bre	5	s0020bre_L5	13	-17176.1000760316	10.1649592445234	0.294121865609454
ecg_db_patient_04-1	s0020bre	5	s0020bre_L5	14	-14879.6960905922	10.3107694110819	0.273324410999722
ecg_db_patient_04-1	s0020bre	5	s0020bre_L5	15	-16950.7511850989	10.2139614810787	0.24796141511578
ecg_db_patient_04-1	s0020bre	5	s0020bre_L5	16	-16726.0795079461	10.1612530082103	0.318209136132926
ecg_db_patient_04-1	s0020bre	5	s0020bre_L5	17	-15640.1648078456	10.2844952004083	0.25016539986364
ecg_db_patient_04-1	s0020bre	5	s0020bre_L5	18	-17490.9195201391	10.0487830923487	0.314800131309815
ecg_db_patient_04-1	s0020bre	6	s0020bre_L6	1	-25367.463512828	10.138908301043	0.369652281508043
ecg_db_patient_04-1	s0020bre	6	s0020bre_L6	2	-28202.0851230012	9.97222052090194	0.433925910961844
ecg_db_patient_04-1	s0020bre	6	s0020bre_L6	3	-25551.9657017307	10.0129682743475	0.442426201358552
ecg_db_patient_04-1	s0020bre	6	s0020bre_L6	4	-26343.75970083	10.161974508092	0.403760006060453
ecg_db_patient_04-1	s0020bre	6	s0020bre_L6	5	-26794.0159837315	10.0783724856568	0.466288225044822
ecg_db_patient_04-1	s0020bre	6	s0020bre_L6	6	-25814.4600749022	10.0767294088739	0.391218908613419
ecg_db_patient_04-1	s0020bre	6	s0020bre_L6	7	-28357.3267909422	9.90863779531643	0.485885204919068
ecg_db_patient_04-1	s0020bre	6	s0020bre_L6	8	-27113.3099592332	10.0487168821032	0.424109492184541
ecg_db_patient_04-1	s0020bre	6	s0020bre_L6	9	-25295.0811925617	10.1004191411786	0.436113734501654
ecg_db_patient_04-1	s0020bre	6	s0020bre_L6	10	-27689.1328724677	10.126852373135	0.446192267872023
ecg_db_patient_04-1	s0020bre	6	s0020bre_L6	11	-26330.1738434473	10.083908037993	0.404901391379006
ecg_db_patient_04-1	s0020bre	6	s0020bre_L6	12	-25758.2783398995	10.0106402489549	0.425362490846191
ecg_db_patient_04-1	s0020bre	6	s0020bre_L6	13	-26993.6160943453	10.2329015117218	0.420437362692861
ecg_db_patient_04-1	s0020bre	6	s0020bre_L6	14	-25905.6280419216	10.0472928535022	0.450945178152067
ecg_db_patient_04-1	s0020bre	6	s0020bre_L6	15	-26588.8702730004	10.0126182665058	0.423333249160375
ecg_db_patient_04-1	s0020bre	6	s0020bre_L6	16	-27523.0164548613	9.9847705182944	0.472737052094644
ecg_db_patient_04-1	s0020bre	6	s0020bre_L6	17	-25897.6380167507	10.1601780993888	0.377248554329436
ecg_db_patient_04-1	s0020bre	6	s0020bre_L6	18	-28900.3995265861	9.96462640177633	0.473046135198606
ecg_db_patient_04-1	s0020bre	7	s0020bre_L7	1	-28025.9633818199	9.53248044553887	0.470932552208278
ecg_db_patient_04-1	s0020bre	7	s0020bre_L7	2	-26210.473651202	9.67160049007264	0.40844019090427
ecg_db_patient_04-1	s0020bre	7	s0020bre_L7	3	-26614.1587319559	9.62172738928035	0.455357187949799
ecg_db_patient_04-1	s0020bre	7	s0020bre_L7	4	-25979.5799594807	9.74328277734841	0.378077321279766
ecg_db_patient_04-1	s0020bre	7	s0020bre_L7	5	-27357.3668240715	9.59107983515593	0.466676094038029
ecg_db_patient_04-1	s0020bre	7	s0020bre_L7	6	-25534.5992623088	9.69682701028982	0.383387288199793
ecg_db_patient_04-1	s0020bre	7	s0020bre_L7	7	-27045.4574052676	9.58903935207153	0.447292240094947
ecg_db_patient_04-1	s0020bre	7	s0020bre_L7	8	-25610.0134491264	9.64824579008126	0.406055402641347
ecg_db_patient_04-1	s0020bre	7	s0020bre_L7	9	-25980.277159787	9.65759473568717	0.419444963511022
ecg_db_patient_04-1	s0020bre	7	s0020bre_L7	10	-28610.0180710996	9.53225297593155	0.461506527612939
ecg_db_patient_04-1	s0020bre	7	s0020bre_L7	11	-24267.7018482469	9.74709876067641	0.376127875558698
ecg_db_patient_04-1	s0020bre	7	s0020bre_L7	12	-26055.6682585627	9.65012073242596	0.441984798363678
ecg_db_patient_04-1	s0020bre	7	s0020bre_L7	13	-27073.699307344	9.6237149987412	0.432198176813717
ecg_db_patient_04-1	s0020bre	7	s0020bre_L7	14	-25338.1086024675	9.72578851340064	0.397087952324436
ecg_db_patient_04-1	s0020bre	7	s0020bre_L7	15	-26249.0570112591	9.71098537502492	0.355991515365774
ecg_db_patient_04-1	s0020bre	7	s0020bre_L7	16	-27248.8181119194	9.55869844975886	0.473025933688543
ecg_db_patient_04-1	s0020bre	7	s0020bre_L7	17	-26656.5076645348	9.72360685698212	0.382218630842656
ecg_db_patient_04-1	s0020bre	7	s0020bre_L7	18	-27717.2641422237	9.58595472153105	0.45664907451832
ecg_db_patient_04-1	s0020bre	8	s0020bre_L8	1	-18560.5207541002	10.0532143491344	0.286711951718391
ecg_db_patient_04-1	s0020bre	8	s0020bre_L8	2	-16967.6189328778	10.1895712696961	0.287126587712431
ecg_db_patient_04-1	s0020bre	8	s0020bre_L8	3	-14838.9328519585	10.3037684189861	0.296625337743996
ecg_db_patient_04-1	s0020bre	8	s0020bre_L8	4	-16057.9381926702	10.2549745777588	0.260395949597232
ecg_db_patient_04-1	s0020bre	8	s0020bre_L8	5	-16809.9355305668	10.2271116900977	0.325416529885609
ecg_db_patient_04-1	s0020bre	8	s0020bre_L8	6	-15276.0206664045	10.2778950002144	0.248875028408374
ecg_db_patient_04-1	s0020bre	8	s0020bre_L8	7	-17926.5014480215	10.104062983761	0.295454660235853
ecg_db_patient_04-1	s0020bre	8	s0020bre_L8	8	-16274.1582666013	10.2270473480911	0.276499583343855
ecg_db_patient_04-1	s0020bre	8	s0020bre_L8	9	-17320.4851654249	10.2447376412353	0.281570162369637
ecg_db_patient_04-1	s0020bre	8	s0020bre_L8	10	-18336.9449712075	10.0545051093139	0.284910482058534
ecg_db_patient_04-1	s0020bre	8	s0020bre_L8	11	-16368.6447010598	10.2612702899107	0.255441529254312
ecg_db_patient_04-1	s0020bre	8	s0020bre_L8	12	-16885.5357563441	10.1551986858242	0.283165576626853
ecg_db_patient_04-1	s0020bre	8	s0020bre_L8	13	-17244.9656451572	10.1632596636614	0.295260220701497
ecg_db_patient_04-1	s0020bre	8	s0020bre_L8	14	-14876.2289198497	10.3081077363465	0.273465821570162
ecg_db_patient_04-1	s0020bre	8	s0020bre_L8	15	-16882.4081843503	10.2135847214422	0.247726572561299
ecg_db_patient_04-1	s0020bre	8	s0020bre_L8	16	-16707.1735285485	10.1601604615828	0.317562182773162
ecg_db_patient_04-1	s0020bre	8	s0020bre_L8	17	-15687.7621628668	10.284810437436	0.250389636625338
ecg_db_patient_04-1	s0020bre	8	s0020bre_L8	18	-17461.8156598527	10.046410812478	0.315301633797126
ecg_db_patient_04-1	s0020bre	9	s0020bre_L9	1	-25307.4983775023	10.1456386679375	0.36850433069872
ecg_db_patient_04-1	s0020bre	9	s0020bre_L9	2	-28281.5443762761	9.96867820854296	0.434898613671372
ecg_db_patient_04-1	s0020bre	9	s0020bre_L9	3	-25509.6176396016	10.0106604894693	0.442587813439055
ecg_db_patient_04-1	s0020bre	9	s0020bre_L9	4	-26573.3686459132	10.1591725042326	0.40489634100149
ecg_db_patient_04-1	s0020bre	9	s0020bre_L9	5	-26986.359682123	10.0803592128199	0.466122067624555
ecg_db_patient_04-1	s0020bre	9	s0020bre_L9	6	-25731.3886438632	10.0721406076915	0.391915355672837
ecg_db_patient_04-1	s0020bre	9	s0020bre_L9	7	-28288.3369397433	9.91088507421481	0.485774601651473
ecg_db_patient_04-1	s0020bre	9	s0020bre_L9	8	-27019.0408743597	10.045605567215	0.422482260548976
ecg_db_patient_04-1	s0020bre	9	s0020bre_L9	9	-25315.5849776753	10.0958859801546	0.436433928436151
ecg_db_patient_04-1	s0020bre	9	s0020bre_L9	10	-27589.3384060075	10.1263009291041	0.445582182268125
ecg_db_patient_04-1	s0020bre	9	s0020bre_L9	11	-26268.6433106337	10.0848184329362	0.405889750258832
ecg_db_patient_04-1	s0020bre	9	s0020bre_L9	12	-26003.3831150221	10.0100497349021	0.424750890129037
ecg_db_patient_04-1	s0020bre	9	s0020bre_L9	13	-27140.0004679722	10.2291925691471	0.421154516300093
ecg_db_patient_04-1	s0020bre	9	s0020bre_L9	14	-25855.9567455042	10.0443478228335	0.451501729754299
ecg_db_patient_04-1	s0020bre	9	s0020bre_L9	15	-26665.1024683871	10.0138188852198	0.422473169869448
ecg_db_patient_04-1	s0020bre	9	s0020bre_L9	16	-27572.4694418493	9.98054741522842	0.473537031893134
ecg_db_patient_04-1	s0020bre	9	s0020bre_L9	17	-25787.9655957384	10.1598717967618	0.377263200424232
ecg_db_patient_04-1	s0020bre	9	s0020bre_L9	18	-28727.8509624685	9.96507919537751	0.472825938738921
ecg_db_patient_04-1	s0020bre	10	s0020bre_L10	1	-27827.6786223645	9.5322733250815	0.468434130451251
ecg_db_patient_04-1	s0020bre	10	s0020bre_L10	2	-26061.1345219962	9.66940930552049	0.406506401353501
ecg_db_patient_04-1	s0020bre	10	s0020bre_L10	3	-26541.9274317824	9.61744537207889	0.455118810131057
ecg_db_patient_04-1	s0020bre	10	s0020bre_L10	4	-26090.1202349499	9.74294219663918	0.377552587055882
ecg_db_patient_04-1	s0020bre	10	s0020bre_L10	5	-27361.894092945	9.59065261831776	0.465639251534052
ecg_db_patient_04-1	s0020bre	10	s0020bre_L10	6	-25651.7661018474	9.6919473066983	0.383064569076538
ecg_db_patient_04-1	s0020bre	10	s0020bre_L10	7	-27019.3627627443	9.58790340237658	0.446321557536426
ecg_db_patient_04-1	s0020bre	10	s0020bre_L10	8	-25542.8912607779	9.6502830521207	0.404714022373172
ecg_db_patient_04-1	s0020bre	10	s0020bre_L10	9	-26190.0466948023	9.64926143171003	0.418336910684074
ecg_db_patient_04-1	s0020bre	10	s0020bre_L10	10	-28364.8819477945	9.52790254257535	0.459938385394308
ecg_db_patient_04-1	s0020bre	10	s0020bre_L10	11	-24327.3381924677	9.74532954118356	0.376206661447943
ecg_db_patient_04-1	s0020bre	10	s0020bre_L10	12	-26021.6467549235	9.65839588142507	0.441132799676776
ecg_db_patient_04-1	s0020bre	10	s0020bre_L10	13	-26846.6476288627	9.62826879271276	0.428780081311078
ecg_db_patient_04-1	s0020bre	10	s0020bre_L10	14	-25235.9035438912	9.72112177185478	0.396232923411025
ecg_db_patient_04-1	s0020bre	10	s0020bre_L10	15	-26380.7771762123	9.71093598665086	0.354344587257898
ecg_db_patient_04-1	s0020bre	10	s0020bre_L10	16	-27122.7877251407	9.56173507732678	0.471716875836469
ecg_db_patient_04-1	s0020bre	10	s0020bre_L10	17	-26677.3793099221	9.72414342170515	0.38041766622055
ecg_db_patient_04-1	s0020bre	10	s0020bre_L10	18	-27632.5657628854	9.58419055413202	0.456667760915128
ecg_db_patient_04-1	s0020bre	11	s0020bre_L11	1	-18678.5559424072	10.0511507810736	0.288251306785182
ecg_db_patient_04-1	s0020bre	11	s0020bre_L11	2	-16988.5292827795	10.1889947209854	0.287683644352415
ecg_db_patient_04-1	s0020bre	11	s0020bre_L11	3	-14932.361548305	10.3019353704358	0.29818792454736
ecg_db_patient_04-1	s0020bre	11	s0020bre_L11	4	-16061.1112412867	10.2574239262804	0.260232822403475
ecg_db_patient_04-1	s0020bre	11	s0020bre_L11	5	-16784.5977186328	10.2295679558256	0.326041766622055
ecg_db_patient_04-1	s0020bre	11	s0020bre_L11	6	-15298.3077748832	10.2774023661122	0.248864927653342
ecg_db_patient_04-1	s0020bre	11	s0020bre_L11	7	-17895.0844456378	10.1020534706204	0.295274361758541
ecg_db_patient_04-1	s0020bre	11	s0020bre_L11	8	-16269.5288613768	10.2243403444183	0.276397565718037
ecg_db_patient_04-1	s0020bre	11	s0020bre_L11	9	-17327.848904574	10.2413366235227	0.281385823590313
ecg_db_patient_04-1	s0020bre	11	s0020bre_L11	10	-18323.6740665205	10.0579148963921	0.285371581525719
ecg_db_patient_04-1	s0020bre	11	s0020bre_L11	11	-16264.6950850696	10.260910146024	0.256317769753289
ecg_db_patient_04-1	s0020bre	11	s0020bre_L11	12	-16863.1281563456	10.1504511398156	0.283705967021035
ecg_db_patient_04-1	s0020bre	11	s0020bre_L11	13	-17285.6842199021	10.1668407742047	0.294703164061514
ecg_db_patient_04-1	s0020bre	11	s0020bre_L11	14	-14842.0082727541	10.3051338535104	0.273129971465367
ecg_db_patient_04-1	s0020bre	11	s0020bre_L11	15	-16885.2538115536	10.2098236100438	0.248141208555339
ecg_db_patient_04-1	s0020bre	11	s0020bre_L11	16	-16698.3807289327	10.1591983813068	0.317984394333476
ecg_db_patient_04-1	s0020bre	11	s0020bre_L11	17	-15642.4101721408	10.2840333394393	0.250800737355117
ecg_db_patient_04-1	s0020bre	11	s0020bre_L11	18	-17438.3335034515	10.0447776787453	0.31652382515593
ecg_db_patient_04-1	s0020bre	12	s0020bre_L12	1	-25284.0076988382	10.1378396076613	0.369031085073609
ecg_db_patient_04-1	s0020bre	12	s0020bre_L12	2	-28212.9221510304	9.96630275650654	0.435302643872629
ecg_db_patient_04-1	s0020bre	12	s0020bre_L12	3	-25509.0568854188	10.0080084205343	0.442501451983536
ecg_db_patient_04-1	s0020bre	12	s0020bre_L12	4	-26619.9026457188	10.1592258786687	0.404640791899194
ecg_db_patient_04-1	s0020bre	12	s0020bre_L12	5	-26819.7356803021	10.0816026504694	0.46850433069872
ecg_db_patient_04-1	s0020bre	12	s0020bre_L12	6	-25623.0574544843	10.071953892114	0.390072472917351
ecg_db_patient_04-1	s0020bre	12	s0020bre_L12	7	-28191.3799103053	9.9084704004349	0.487305371076488
ecg_db_patient_04-1	s0020bre	12	s0020bre_L12	8	-26816.526194638	10.0445839733942	0.420607055377389
ecg_db_patient_04-1	s0020bre	12	s0020bre_L12	9	-25195.6222491809	10.0926646131956	0.436317769753289
ecg_db_patient_04-1	s0020bre	12	s0020bre_L12	10	-27550.7207180461	10.1284926787157	0.445458448018989
ecg_db_patient_04-1	s0020bre	12	s0020bre_L12	11	-26399.1095681465	10.0848752356516	0.406654377414712
ecg_db_patient_04-1	s0020bre	12	s0020bre_L12	12	-25968.9340046763	10.0126154157644	0.425621070174996
ecg_db_patient_04-1	s0020bre	12	s0020bre_L12	13	-27151.0191932771	10.2262197260262	0.422515088002828
ecg_db_patient_04-1	s0020bre	12	s0020bre_L12	14	-25923.5373059605	10.0400530730738	0.451808792707255
ecg_db_patient_04-1	s0020bre	12	s0020bre_L12	15	-26581.8116475365	10.0139744225918	0.42126259437893
ecg_db_patient_04-1	s0020bre	12	s0020bre_L12	16	-27741.8608536188	9.97693485688381	0.47353248655337
ecg_db_patient_04-1	s0020bre	12	s0020bre_L12	17	-25680.0562642983	10.1594849414139	0.376983914547612
ecg_db_patient_04-1	s0020bre	12	s0020bre_L12	18	-28806.8754403764	9.97034457613889	0.472026463978182
ecg_db_patient_04-1	s0020bre	13	s0020bre_L13	1	-27905.6026853203	9.52984019054522	0.465629150779021
ecg_db_patient_04-1	s0020bre	13	s0020bre_L13	2	-25964.9528316265	9.66546529100072	0.404670589126537
ecg_db_patient_04-1	s0020bre	13	s0020bre_L13	3	-26398.5801500516	9.62107142010742	0.454612257266231
ecg_db_patient_04-1	s0020bre	13	s0020bre_L13	4	-26006.9958934794	9.74377704531265	0.376870281053509
ecg_db_patient_04-1	s0020bre	13	s0020bre_L13	5	-27372.0397113148	9.58978247435294	0.465900861089366
ecg_db_patient_04-1	s0020bre	13	s0020bre_L13	6	-25545.6743545487	9.696566949488	0.383146890230045
ecg_db_patient_04-1	s0020bre	13	s0020bre_L13	7	-27222.1962809558	9.58328875248974	0.448408878563673
ecg_db_patient_04-1	s0020bre	13	s0020bre_L13	8	-25425.2465260373	9.65156097959833	0.403528193732481
ecg_db_patient_04-1	s0020bre	13	s0020bre_L13	9	-26054.5145514402	9.65035822604493	0.416669276028383
ecg_db_patient_04-1	s0020bre	13	s0020bre_L13	10	-28310.0748622088	9.53165055226379	0.458728314941542
ecg_db_patient_04-1	s0020bre	13	s0020bre_L13	11	-24349.4094333892	9.7438283695696	0.375289512891089
ecg_db_patient_04-1	s0020bre	13	s0020bre_L13	12	-25841.79880173	9.65797532312259	0.439552536552107
ecg_db_patient_04-1	s0020bre	13	s0020bre_L13	13	-26886.4714943931	9.62814732584738	0.427552839574758
ecg_db_patient_04-1	s0020bre	13	s0020bre_L13	14	-25388.8448249817	9.71886995703989	0.39612838059645
ecg_db_patient_04-1	s0020bre	13	s0020bre_L13	15	-26120.9310528945	9.71205712525579	0.353176434938512
ecg_db_patient_04-1	s0020bre	13	s0020bre_L13	16	-27006.1713010851	9.56035814004141	0.472518370748213
ecg_db_patient_04-1	s0020bre	13	s0020bre_L13	17	-26401.9401305093	9.72552184339727	0.380672205247342
ecg_db_patient_04-1	s0020bre	13	s0020bre_L13	18	-27602.0793918391	9.58747822961448	0.45620868159895
ecg_db_patient_04-1	s0020bre	14	s0020bre_L14	1	-18755.1631087835	10.0485900514252	0.287907881114113
ecg_db_patient_04-1	s0020bre	14	s0020bre_L14	2	-17022.363403887	10.1866573067283	0.286409434105199
ecg_db_patient_04-1	s0020bre	14	s0020bre_L14	3	-14907.1433196677	10.3054754936742	0.298331860306558
ecg_db_patient_04-1	s0020bre	14	s0020bre_L14	4	-16104.1676427054	10.2586593897958	0.260176258175299
ecg_db_patient_04-1	s0020bre	14	s0020bre_L14	5	-16762.3255499495	10.2272321118269	0.324336254134997
ecg_db_patient_04-1	s0020bre	14	s0020bre_L14	6	-15367.5474754306	10.2768754605604	0.249815913739552
ecg_db_patient_04-1	s0020bre	14	s0020bre_L14	7	-17808.8275347484	10.102953704557	0.297033408247266
ecg_db_patient_04-1	s0020bre	14	s0020bre_L14	8	-16289.6533707319	10.2236718832105	0.276941996414232
ecg_db_patient_04-1	s0020bre	14	s0020bre_L14	9	-17296.7580148777	10.2433861869306	0.281758036413222
ecg_db_patient_04-1	s0020bre	14	s0020bre_L14	10	-18374.1944388206	10.0565037702075	0.284778667205374
ecg_db_patient_04-1	s0020bre	14	s0020bre_L14	11	-16366.1348307525	10.2593477317676	0.256777859144971
ecg_db_patient_04-1	s0020bre	14	s0020bre_L14	12	-16916.4544497095	10.1504146974151	0.283271129516931
ecg_db_patient_04-1	s0020bre	14	s0020bre_L14	13	-17219.6037451585	10.1673786916125	0.294262771142143
ecg_db_patient_04-1	s0020bre	14	s0020bre_L14	14	-14869.7246873985	10.305373589143	0.273954698113684
ecg_db_patient_04-1	s0020bre	14	s0020bre_L14	15	-16858.704232593	10.2105927703569	0.248105350874978
ecg_db_patient_04-1	s0020bre	14	s0020bre_L14	16	-16686.7842985243	10.1623780220158	0.317072801191889
ecg_db_patient_04-1	s0020bre	14	s0020bre_L14	17	-15596.9401392934	10.2847855356809	0.251207797782884
ecg_db_patient_04-1	s0020bre	14	s0020bre_L14	18	-17493.39398895	10.0500701802454	0.316488977551072
ecg_db_patient_04-1	s0020bre	15	s0020bre_L15	1	-25286.9543822562	10.1288502100852	0.370929016944017
ecg_db_patient_04-1	s0020bre	15	s0020bre_L15	2	-28186.7478811846	9.96472765734242	0.436040504027676
ecg_db_patient_04-1	s0020bre	15	s0020bre_L15	3	-25381.2516746129	10.0111755789634	0.442274184995328
ecg_db_patient_04-1	s0020bre	15	s0020bre_L15	4	-26499.5412301928	10.1614802751666	0.403784247872528
ecg_db_patient_04-1	s0020bre	15	s0020bre_L15	5	-26695.2131729176	10.0840333345696	0.469564404939269
ecg_db_patient_04-1	s0020bre	15	s0020bre_L15	6	-25698.1302713088	10.07501979268	0.388960884826141
ecg_db_patient_04-1	s0020bre	15	s0020bre_L15	7	-28237.8324501056	9.90408708658465	0.48771394661751
ecg_db_patient_04-1	s0020bre	15	s0020bre_L15	8	-26892.1208062416	10.0437926731273	0.421622686295801
ecg_db_patient_04-1	s0020bre	15	s0020bre_L15	9	-25133.1617124791	10.0926373888493	0.437364207974546
ecg_db_patient_04-1	s0020bre	15	s0020bre_L15	10	-27762.8014294341	10.1290037343952	0.445956415242039
ecg_db_patient_04-1	s0020bre	15	s0020bre_L15	11	-26352.2643108782	10.0847589783642	0.40599530314891
ecg_db_patient_04-1	s0020bre	15	s0020bre_L15	12	-25960.7050743525	10.0109215122679	0.426712961793894
ecg_db_patient_04-1	s0020bre	15	s0020bre_L15	13	-27307.6557843412	10.2270862715298	0.422950430544683
ecg_db_patient_04-1	s0020bre	15	s0020bre_L15	14	-25960.4332344376	10.041060523005	0.451255776369284
ecg_db_patient_04-1	s0020bre	15	s0020bre_L15	15	-26586.6684305834	10.0124393355127	0.421498952046665
ecg_db_patient_04-1	s0020bre	15	s0020bre_L15	16	-27624.6173926514	9.97815170665221	0.47239514153683
ecg_db_patient_04-1	s0020bre	15	s0020bre_L15	17	-25835.1695557605	10.1600781857813	0.376835938486402
ecg_db_patient_04-1	s0020bre	15	s0020bre_L15	18	-28780.286941597	9.97214937878682	0.472267872023434
