Patient_ID,Signal_Name,LogEn,ShaEn,CorrDim
ecg_db_patient_01,s0010_re,-1231675.59509764,16.7143083058679,0.0399560617156132
ecg_db_patient_01,s0014lre,-2895714.19609384,19.1536871045427,0.0828312416353122
ecg_db_patient_01,s0016lre,-3032890.38694757,19.1569662406735,0.101990353778945
ecg_db_patient_02,s0015lre,-2441142.7007391,19.135595305089,0.221917628342719
ecg_db_patient_03,s0017lre,-3557772.4973486,18.4182510258141,0.0279159617181384
ecg_db_patient_04,s0020are,-3099443.46849013,19.0333745676088,0.0261351986060958
ecg_db_patient_04-1,s0020bre,-3226177.61439378,18.9135294967493,0.0699027802328224
