Patient_ID,Signal_Name,BPM_avg,SDNN,En_Total,En_D5,Hurst_Exp,Higuchi_FD,Katz_FD
ecg_db_patient_01,s0010_re,164.066772572202,111.932858472502,561.704178490306,28.5924716713981,0.222181000283171,0.0380993820182531,0.999998738791621
ecg_db_patient_01,s0014lre,173.442016719185,52.5668254949719,1538.64936640973,75.1756493028061,0.243535796386842,0.0470134395041812,0.999996776206643
ecg_db_patient_01,s0016lre,181.254720175005,90.0187394678328,1328.0344776233,68.1648077178381,0.224841546003756,0.0679401231572851,0.999997115718827
ecg_db_patient_01-1,s0014lre,173.442016719185,52.5668254949719,1538.64936640973,75.1756493028061,0.243535796386842,0.0470134395041812,0.999996776206643
ecg_db_patient_02,s0015lre,159.379150498711,131.483416113483,482.388893963591,70.3990650023124,0.294087469651846,0.0394351718229006,0.999997343554278
ecg_db_patient_03,s0017lre,104.690226307977,259.880982262506,362.962060914763,20.0729689774481,0.319947263988176,0.0448397164043731,0.999999099331068
ecg_db_patient_04,s0020are,159.379150498711,147.919432177931,256.062242643461,46.7582085196611,0.41949306965097,0.0511496294521448,0.999998594719447
ecg_db_patient_04-1,s0020bre,140.628662204745,171.179696543376,244.96973496862,41.3966332781446,0.410190896219353,0.0455626281089845,0.999998556364
