Patient_ID,Signal_Name,Lead_Index,Lead_Name,Segment_Index,BPM_avg,SDNN,En_Total,En_D5,Hurst_Exp,Higuchi_FD,Katz_FD
ecg_db_patient_01,s0010_re,1,s0010_re.dat,1,162.016201620162,90.9807756532198,74359.9007752979,6327.29795648368,0.571873049491789,0.0356392786847476,0.998719777204859
ecg_db_patient_01,s0010_re,1,s0010_re.dat,2,84.0042002100105,87.395277177514,77925.1198460981,6674.13713067519,0.538533818431838,0.0362260859604093,0.998622831234388
ecg_db_patient_01,s0010_re,1,s0010_re.dat,3,54.001800060002,91.0381154327048,78439.6194700258,5755.29547728989,0.564231277086127,0.0360353842339269,0.998625398525379
ecg_db_patient_01,s0010_re,2,s0010_re.dat,1,156.015601560156,118.251145167112,27737.4620001695,1376.77028254687,0.6062529497312,0.0376561184025598,0.999742400226619
ecg_db_patient_01,s0010_re,2,s0010_re.dat,2,84.0042002100105,109.753505223441,30013.826517427,1423.63528836575,0.596452479436574,0.0382714599042483,0.999724025136715
ecg_db_patient_01,s0010_re,2,s0010_re.dat,3,52.001733391113,135.158524210154,29337.356813778,1424.08102174365,0.597863750399005,0.0393078356470355,0.999718666490166
ecg_db_patient_01,s0010_re,3,s0010_re.dat,1,162.016201620162,143.403014666305,44002.7059167352,1211.17001974432,0.507110757937712,0.0353657207257323,0.999624237506788
ecg_db_patient_01,s0010_re,3,s0010_re.dat,2,81.0040502025101,142.732175230933,45385.6207485351,1202.73761983287,0.474207596308188,0.0368346848113681,0.999598769024966
ecg_db_patient_01,s0010_re,3,s0010_re.dat,3,56.001866728891,144.231206836943,44811.7873281712,1316.70249810921,0.504488987261835,0.0370118238890696,0.999599998714302
ecg_db_patient_01,s0010_re,4,s0010_re.dat,1,78.007800780078,8.46516927823006,176411.070509184,20997.9789688664,0.581122879327177,0.0430448865866679,0.996883817278418
ecg_db_patient_01,s0010_re,4,s0010_re.dat,2,42.0021001050053,7.73685817105187,194306.125749531,22380.7142525929,0.561879412269911,0.0439172742458248,0.996631961461854
ecg_db_patient_01,s0010_re,4,s0010_re.dat,3,28.0009333644455,7.72607971045511,194524.573743004,19094.8747342404,0.56708579949833,0.0439083520480573,0.996610587612162
ecg_db_patient_01,s0010_re,5,s0010_re.dat,1,162.016201620162,88.5221658464919,68795.9422170348,3130.25570605237,0.528798091314631,0.0285851572487138,0.999194064302621
ecg_db_patient_01,s0010_re,5,s0010_re.dat,2,84.0042002100105,88.3902251882634,70920.2908207498,3218.57911133792,0.504836119283743,0.029219611898235,0.999136402132067
ecg_db_patient_01,s0010_re,5,s0010_re.dat,3,54.001800060002,90.3124576124467,70532.0222781298,3051.70509599497,0.5273925984882,0.0294234023804666,0.999140806318042
ecg_db_patient_01,s0010_re,6,s0010_re.dat,1,162.016201620162,124.081834038918,34517.1107049712,816.278223945793,0.540374381397754,0.038231299498274,0.999758985628533
ecg_db_patient_01,s0010_re,6,s0010_re.dat,2,84.0042002100105,125.50676761812,36067.4181825948,798.937552585795,0.524513323930627,0.0389506381491303,0.999743209433835
ecg_db_patient_01,s0010_re,6,s0010_re.dat,3,54.001800060002,125.87859841316,35403.6223975093,959.847402084741,0.535307953603962,0.0391281454838123,0.999741529369409
ecg_db_patient_01,s0010_re,7,s0010_re.dat,1,78.007800780078,9.00336637378533,114901.940619554,11375.9594114662,0.50820828629084,0.0232463464526399,0.998140128375935
ecg_db_patient_01,s0010_re,7,s0010_re.dat,2,42.0021001050053,7.671960268339,122361.948323122,12839.8319176204,0.508091204985427,0.0236865228591436,0.998004120660264
ecg_db_patient_01,s0010_re,7,s0010_re.dat,3,28.0009333644455,8.21427775123057,122589.209182297,16171.9464152353,0.52726275631735,0.024021732744433,0.998000157956129
ecg_db_patient_01,s0010_re,8,s0010_re.dat,1,162.016201620162,67.1028716569969,57977.5585081663,12636.1813040061,0.492281872747692,0.0360792742503183,0.998512549313575
ecg_db_patient_01,s0010_re,8,s0010_re.dat,2,84.0042002100105,64.7552481675592,60416.7646615151,13618.4254583514,0.455427370555941,0.0368783769183514,0.998402476692277
ecg_db_patient_01,s0010_re,8,s0010_re.dat,3,54.001800060002,66.2940303612508,60420.6851744571,16965.8569914184,0.456458149400591,0.0369933755399558,0.998402757412801
ecg_db_patient_01,s0010_re,9,s0010_re.dat,1,90.00900090009,149.521379264448,106731.041360541,27645.881317227,0.580072237309245,0.0427504059429312,0.997296758289427
ecg_db_patient_01,s0010_re,9,s0010_re.dat,2,42.0021001050053,7.84709647429697,112340.326967655,26285.9138901782,0.555597865280873,0.0428660536060516,0.997109049873096
ecg_db_patient_01,s0010_re,9,s0010_re.dat,3,28.0009333644455,8.38649708360595,111231.818059931,27742.0479663864,0.55899249428999,0.0437610031204806,0.997126145528285
ecg_db_patient_01,s0010_re,10,s0010_re.dat,1,78.007800780078,8.72648355017737,201161.290243488,59701.0082789619,0.556769686799319,0.0465794569705334,0.995166545336358
ecg_db_patient_01,s0010_re,10,s0010_re.dat,2,42.0021001050053,7.63174879982226,214591.475710579,55337.9572192403,0.524598522417744,0.046085708913989,0.994830033991241
ecg_db_patient_01,s0010_re,10,s0010_re.dat,3,28.0009333644455,8.13901650960311,212747.557765417,57266.7541412924,0.537948097446784,0.0470220311312887,0.994867918800645
ecg_db_patient_01,s0010_re,11,s0010_re.dat,1,96.009600960096,183.51584854357,56122.3969766476,8290.00016631498,0.546477824489897,0.0403819119114179,0.999017392488138
ecg_db_patient_01,s0010_re,11,s0010_re.dat,2,48.002400120006,154.364503691749,58190.4559894976,7455.54088866512,0.505613487690722,0.0388956483873742,0.9989518904673
ecg_db_patient_01,s0010_re,11,s0010_re.dat,3,38.0012667088903,207.377028684818,58299.0157956009,7232.61106199328,0.542856758966973,0.0409047885986291,0.998957523074884
ecg_db_patient_01,s0010_re,12,s0010_re.dat,1,156.015601560156,121.325072978892,28936.5851737221,2600.5137306938,0.584223385523556,0.0345013991855549,0.999624502334403
ecg_db_patient_01,s0010_re,12,s0010_re.dat,2,84.0042002100105,123.876431860021,29691.7027241566,2540.18086652893,0.557948500132873,0.0343873303813681,0.999604036608696
ecg_db_patient_01,s0010_re,12,s0010_re.dat,3,54.001800060002,113.757806156494,29314.1151522039,2229.26951984294,0.588878529598009,0.035512916455877,0.999599810003694
ecg_db_patient_01,s0014lre,1,s0014lre.dat,1,168.016801680168,74.3319152062801,106220.374276949,9111.11581296592,0.446745611907801,0.0458007183520631,0.997944348400608
ecg_db_patient_01,s0014lre,1,s0014lre.dat,2,87.0043502175109,76.8051544235916,115493.86712897,12104.7304069213,0.459381761286699,0.0538917203359894,0.99773856288866
ecg_db_patient_01,s0014lre,1,s0014lre.dat,3,58.0019333977799,71.0426785060374,115178.641129795,11525.9659242699,0.464147716897831,0.0446857538443087,0.997978128108651
ecg_db_patient_01,s0014lre,1,s0014lre.dat,4,42.0010500262507,72.3134203950468,106774.579148968,13625.7765468797,0.462532485861701,0.0513716489191618,0.997902828208105
ecg_db_patient_01,s0014lre,1,s0014lre.dat,5,34.8006960139203,73.4489258532399,115396.124893541,12786.9531403296,0.443876326382971,0.0591363664872638,0.997666154648341
ecg_db_patient_01,s0014lre,1,s0014lre.dat,6,29.000483341389,77.6539604021429,107897.599483912,12344.763252388,0.45051220428189,0.0553659232174944,0.997888923376887
ecg_db_patient_01,s0014lre,1,s0014lre.dat,7,24.8574979642566,81.3244205368927,112348.938569639,13863.900801013,0.472643420429473,0.0580119311713693,0.997706091357552
ecg_db_patient_01,s0014lre,1,s0014lre.dat,8,21.7502718783985,69.5628355894015,114020.357707719,11723.5132912881,0.477558517494021,0.0516256862250529,0.99786090829083
ecg_db_patient_01,s0014lre,1,s0014lre.dat,9,18.6668740763786,73.1627970473713,108863.477078323,11901.2865317924,0.484744731045973,0.0554207344327491,0.997824491873008
ecg_db_patient_01,s0014lre,1,s0014lre.dat,10,18.0001800018,72.5429208776302,119045.587933819,12446.5167413658,0.472424694152319,0.0517377437006798,0.997746140883628
ecg_db_patient_01,s0014lre,1,s0014lre.dat,11,15.818325621142,76.6624826325515,112053.747430152,8719.54584463751,0.511887462354011,0.0465502979306685,0.997943920529465
ecg_db_patient_01,s0014lre,2,s0014lre.dat,1,174.017401740174,55.7855398380839,84975.576203007,4490.66491962826,0.555583655993672,0.0435978593097713,0.999310481082935
ecg_db_patient_01,s0014lre,2,s0014lre.dat,2,87.0043502175109,57.0239321336122,89720.145857174,4048.13664972945,0.589711424410211,0.0514758209218477,0.999259544874185
ecg_db_patient_01,s0014lre,2,s0014lre.dat,3,58.0019333977799,51.3125602165673,85430.8373042061,3491.7775731784,0.587720068488123,0.0428297164823461,0.999319274845886
ecg_db_patient_01,s0014lre,2,s0014lre.dat,4,43.5010875271882,48.5668142844002,84414.1956275687,3159.27860459348,0.573253884934473,0.0499095431970275,0.999308306983681
ecg_db_patient_01,s0014lre,2,s0014lre.dat,5,34.8006960139203,53.0466875327861,89194.829987758,3995.53455166794,0.58334734061287,0.0536577151421735,0.99924673805805
ecg_db_patient_01,s0014lre,2,s0014lre.dat,6,29.000483341389,57.4770255459387,84288.797383067,3474.62042214709,0.573256990775261,0.0508653811510813,0.999303153753386
ecg_db_patient_01,s0014lre,2,s0014lre.dat,7,24.8574979642566,52.1066773082473,91914.1554254662,4150.69177062383,0.589697683406933,0.0573469846275197,0.999234659543728
ecg_db_patient_01,s0014lre,2,s0014lre.dat,8,21.7502718783985,52.0415356092751,87304.2513020748,3586.48792466183,0.597654022498094,0.0497678004183225,0.999300100789071
ecg_db_patient_01,s0014lre,2,s0014lre.dat,9,19.333548150535,42.1189264850611,86733.4384410692,3906.99516920729,0.595460160122369,0.0529265259778929,0.999273821457265
ecg_db_patient_01,s0014lre,2,s0014lre.dat,10,16.80016800168,80.2679451583447,89423.0890835887,3665.8178724019,0.603047497332947,0.0470261184996338,0.999280572458526
ecg_db_patient_01,s0014lre,2,s0014lre.dat,11,14.7274066127874,111.560566509856,88580.8847381058,3570.35765381315,0.625148752689004,0.0404725696515833,0.999332945874322
ecg_db_patient_01,s0014lre,3,s0014lre.dat,1,156.015601560156,148.854884591224,231242.35463404,9894.12640838414,0.463871998352201,0.0224373739103019,0.997920836019737
ecg_db_patient_01,s0014lre,3,s0014lre.dat,2,75.0037501875094,174.584890692096,244275.049528092,7716.36759553564,0.481870296417688,0.026127984677257,0.997786540877764
ecg_db_patient_01,s0014lre,3,s0014lre.dat,3,44.0014667155572,186.42406854624,233382.722270626,7667.31110720382,0.482909165181366,0.0213191951615475,0.997923814253371
ecg_db_patient_01,s0014lre,3,s0014lre.dat,4,37.5009375234381,152.452320890591,230023.070164822,7727.88805375311,0.474492475236288,0.0277652504487562,0.997933625277259
ecg_db_patient_01,s0014lre,3,s0014lre.dat,5,32.4006480129603,136.57376704973,242642.547492628,8187.03171671532,0.481666550356444,0.0324122117695999,0.99776240134669
ecg_db_patient_01,s0014lre,3,s0014lre.dat,6,26.0004333405557,141.282730721061,232319.75856449,7885.39617893918,0.474652050844523,0.0301421302687262,0.997872085352491
ecg_db_patient_01,s0014lre,3,s0014lre.dat,7,24.0003428620409,126.024191590729,245129.34620194,8609.45950773282,0.483284202630634,0.0325855541051054,0.997759722696037
ecg_db_patient_01,s0014lre,3,s0014lre.dat,8,18.7502343779297,163.744714484893,234851.410801029,8083.75377875818,0.499940734874503,0.0279513002296558,0.997882421525191
ecg_db_patient_01,s0014lre,3,s0014lre.dat,9,13.3334814831276,191.571662190382,235356.57555551,7814.7640797965,0.512025980232959,0.0289151543491097,0.997857462560255
ecg_db_patient_01,s0014lre,3,s0014lre.dat,10,13.80013800138,183.525509273541,248129.897075351,8662.61245991832,0.506924430675527,0.0270299605578844,0.997692738353567
ecg_db_patient_01,s0014lre,3,s0014lre.dat,11,12.5455685960781,169.990864282155,247086.009908818,6945.7958031312,0.563606833913495,0.0262143224356974,0.997816220532543
ecg_db_patient_01,s0014lre,4,s0014lre.dat,1,84.008400840084,30.0260570598957,205172.117621117,18505.7998512477,0.648051410909016,0.0744092097669427,0.997078317401843
ecg_db_patient_01,s0014lre,4,s0014lre.dat,2,45.0022501125056,31.7944117005586,221561.840187168,24856.4988919386,0.69766109829126,0.0789408452391613,0.996754839902639
ecg_db_patient_01,s0014lre,4,s0014lre.dat,3,28.0009333644455,21.0904644877179,217874.54467241,21880.9805275161,0.679930093729736,0.0729586719805431,0.997167557733542
ecg_db_patient_01,s0014lre,4,s0014lre.dat,4,21.0005250131253,27.9915280223435,205312.791764924,24097.3113319923,0.679857443951067,0.0785089662009312,0.996989218337215
ecg_db_patient_01,s0014lre,4,s0014lre.dat,5,18.0003600072001,27.0368084468007,221369.545495037,25162.0880611518,0.684744798147957,0.0834443885349454,0.996637435570045
ecg_db_patient_01,s0014lre,4,s0014lre.dat,6,14.0002333372223,35.3235956586588,204204.486401791,22897.9989206106,0.679287051872455,0.0778065243637615,0.997036789263116
ecg_db_patient_01,s0014lre,4,s0014lre.dat,7,12.8573265332362,27.294990080901,223174.96085758,26974.7962665494,0.69798048300522,0.0863078119383347,0.99664507615401
ecg_db_patient_01,s0014lre,4,s0014lre.dat,8,11.2501406267578,35.8691149402017,223003.834066313,21995.4130966532,0.688892003220139,0.0771937416456043,0.996959854864195
ecg_db_patient_01,s0014lre,4,s0014lre.dat,9,9.33343703818931,33.4834440528603,209294.702040801,23858.1337081066,0.694033283962548,0.0807338952124117,0.996855991855981
ecg_db_patient_01,s0014lre,4,s0014lre.dat,10,9.00009000090001,47.9564821043431,221677.044600672,22714.9240345546,0.706686892035753,0.077092141851268,0.99696210938937
ecg_db_patient_01,s0014lre,4,s0014lre.dat,11,7.63643305848235,35.9574178360447,207885.167595871,18440.4626424739,0.685044154196013,0.0724866952183343,0.99728783490647
ecg_db_patient_01,s0014lre,5,s0014lre.dat,1,168.016801680168,77.0282628413317,207599.048372383,11158.9494526212,0.417127955319824,0.0285514432044415,0.997453342871596
ecg_db_patient_01,s0014lre,5,s0014lre.dat,2,87.0043502175109,73.2612470373,221055.648928359,11123.3855937,0.429264518827046,0.0349655602528561,0.997255731061875
ecg_db_patient_01,s0014lre,5,s0014lre.dat,3,58.0019333977799,72.1538901406838,214062.976864951,11096.3942107351,0.436267887242346,0.0275151529962635,0.997471688496195
ecg_db_patient_01,s0014lre,5,s0014lre.dat,4,42.0010500262507,75.91292432631,207133.005908733,12511.4344344213,0.425443622463559,0.0340432278864075,0.997445809141112
ecg_db_patient_01,s0014lre,5,s0014lre.dat,5,34.8006960139203,72.3102150167401,219862.632522189,11952.9555847291,0.426564424966287,0.0413619596414464,0.997200352573511
ecg_db_patient_01,s0014lre,5,s0014lre.dat,6,29.000483341389,76.0929534591579,209807.163349432,11755.0006020386,0.423619256509021,0.0379605110193796,0.997386939836961
ecg_db_patient_01,s0014lre,5,s0014lre.dat,7,24.8574979642566,73.3587528094404,218799.866586458,12829.141474048,0.431866384529088,0.0402070497079315,0.997230583319225
ecg_db_patient_01,s0014lre,5,s0014lre.dat,8,21.7502718783985,71.5384511993376,213178.178815744,11520.0847994836,0.456683545664498,0.0345377186319914,0.997381669944881
ecg_db_patient_01,s0014lre,5,s0014lre.dat,9,18.6668740763786,75.2863668736714,211783.845848981,11184.034835111,0.472885237287414,0.0370440569939694,0.997355054034372
ecg_db_patient_01,s0014lre,5,s0014lre.dat,10,18.0001800018,71.44711089451,226446.743034426,12390.2002287539,0.451875995364992,0.0334793814127393,0.997166694997819
ecg_db_patient_01,s0014lre,5,s0014lre.dat,11,15.2728661169647,102.230480900127,222582.84863871,8858.22743019158,0.521683775386422,0.0311301586251647,0.997351288779401
ecg_db_patient_01,s0014lre,6,s0014lre.dat,1,174.017401740174,83.7234993214231,173441.759010962,7209.98224205065,0.497408445487304,0.0273150220217746,0.998686036639249
ecg_db_patient_01,s0014lre,6,s0014lre.dat,2,90.0045002250113,88.5359435511511,182753.555838343,5189.77428479714,0.522665544210824,0.030271823504818,0.998608528040473
ecg_db_patient_01,s0014lre,6,s0014lre.dat,3,56.001866728891,107.342490451872,173640.74671959,4847.23812628641,0.520288779071798,0.0247890611518259,0.99868653118543
ecg_db_patient_01,s0014lre,6,s0014lre.dat,4,43.5010875271882,86.97183756309,172205.655243436,4279.76773917612,0.504907187220421,0.0308173848215715,0.998698891297385
ecg_db_patient_01,s0014lre,6,s0014lre.dat,5,34.8006960139203,69.1321103196531,181528.333624718,5293.03765575305,0.515987024983496,0.0339626413297166,0.998597791154759
ecg_db_patient_01,s0014lre,6,s0014lre.dat,6,29.000483341389,88.245171638228,173181.134322769,4815.35593833011,0.509540336951073,0.0324864979338339,0.998659655585383
ecg_db_patient_01,s0014lre,6,s0014lre.dat,7,24.8574979642566,88.8551151115202,185323.648489696,5458.16676980173,0.520766613548851,0.0362176167931928,0.998580955006475
ecg_db_patient_01,s0014lre,6,s0014lre.dat,8,20.2502531281641,172.808350937812,176139.235613513,5112.28606864336,0.539530803440813,0.0310357248121805,0.998670614725854
ecg_db_patient_01,s0014lre,6,s0014lre.dat,9,17.3335259280659,193.835523060145,176501.59123548,5172.46008351879,0.537697482095874,0.0311181711977102,0.998643567663661
ecg_db_patient_01,s0014lre,6,s0014lre.dat,10,16.80016800168,120.176579483734,184179.99040399,5366.00926806802,0.546429769465401,0.0305654237919659,0.998567803768418
ecg_db_patient_01,s0014lre,6,s0014lre.dat,11,14.1819471086101,201.727472926553,183774.030273457,4983.1941763918,0.589225539274221,0.0280086292824914,0.998640047823771
ecg_db_patient_01,s0014lre,7,s0014lre.dat,1,84.008400840084,5.52964041117731,127543.132500222,7339.93403055621,0.630884948274559,0.022662792840041,0.998909570281893
ecg_db_patient_01,s0014lre,7,s0014lre.dat,2,45.0022501125056,7.36937529969085,139098.218154616,6112.43751412298,0.645895173520733,0.0236939748455448,0.998842582365627
ecg_db_patient_01,s0014lre,7,s0014lre.dat,3,28.0009333644455,4.72852771578795,142131.640546454,5512.37230772625,0.65573257577551,0.0229514702234341,0.998900061300644
ecg_db_patient_01,s0014lre,7,s0014lre.dat,4,21.0005250131253,4.68083928481378,130465.696908012,5085.45429071849,0.648001535847394,0.023738228204555,0.998882384320418
ecg_db_patient_01,s0014lre,7,s0014lre.dat,5,18.0003600072001,5.99633587752075,136963.615336447,6406.47331928049,0.648543459276563,0.0260465461845101,0.998826374864293
ecg_db_patient_01,s0014lre,7,s0014lre.dat,6,14.0002333372223,6.70055489474063,130086.246531985,5665.06516230652,0.633663644760113,0.0265479133445693,0.998880142739047
ecg_db_patient_01,s0014lre,7,s0014lre.dat,7,12.8573265332362,21.4636160324123,134164.050193528,6301.89698376544,0.647651558895402,0.0271701263351964,0.998852378549146
ecg_db_patient_01,s0014lre,7,s0014lre.dat,8,11.2501406267578,4.98348922294073,150534.038647084,5914.71771567809,0.653751913140262,0.0250804888098314,0.998859681319997
ecg_db_patient_01,s0014lre,7,s0014lre.dat,9,9.33343703818931,5.74456264653824,130331.241404298,5749.59675067271,0.668136706677156,0.0251850573401644,0.998901388966201
ecg_db_patient_01,s0014lre,7,s0014lre.dat,10,9.00009000090001,7.13026362350362,137872.235335763,6495.1126706473,0.648587249937164,0.0260711992377282,0.998770631101145
ecg_db_patient_01,s0014lre,7,s0014lre.dat,11,7.63643305848235,5.75236851998757,133075.459548702,6091.42209605197,0.670727433564179,0.023734432742803,0.998855971473332
ecg_db_patient_01,s0014lre,8,s0014lre.dat,1,84.008400840084,4.74071291836571,198069.897006093,36142.7379124336,0.408127136703895,0.0393034842974335,0.995854187601698
ecg_db_patient_01,s0014lre,8,s0014lre.dat,2,45.0022501125056,5.26025946796647,210235.975697936,50869.223410123,0.399394176447805,0.0403740256003989,0.995517220381305
ecg_db_patient_01,s0014lre,8,s0014lre.dat,3,28.0009333644455,3.11941809169092,199586.521205665,40717.0562416505,0.423970397389063,0.0384973526554613,0.995859185374398
ecg_db_patient_01,s0014lre,8,s0014lre.dat,4,21.0005250131253,3.33205103540816,198637.315892468,38980.1608065301,0.405802247467842,0.0397397398728964,0.99578938223931
ecg_db_patient_01,s0014lre,8,s0014lre.dat,5,18.0003600072001,2.64886457118585,211916.497649529,44040.5028927946,0.425429828063934,0.0409586522175593,0.995557547798318
ecg_db_patient_01,s0014lre,8,s0014lre.dat,6,14.0002333372223,3.99037303056715,200905.83204119,41936.6529970146,0.401432449918388,0.0416082039487308,0.995750687300458
ecg_db_patient_01,s0014lre,8,s0014lre.dat,7,12.8573265332362,3.22081144645677,216830.143240146,48698.7592804232,0.385387494577636,0.0423991242707343,0.995484693307814
ecg_db_patient_01,s0014lre,8,s0014lre.dat,8,11.2501406267578,14.4361040070061,202367.854541628,41287.4301926822,0.425253918025573,0.0411092817697517,0.995802160287519
ecg_db_patient_01,s0014lre,8,s0014lre.dat,9,9.33343703818931,3.2264928963591,203442.345058416,44867.0065789245,0.4410523222728,0.0410717104241743,0.995714621822221
ecg_db_patient_01,s0014lre,8,s0014lre.dat,10,9.00009000090001,4.16684981282469,215709.328963844,51900.3839353917,0.414134119215103,0.0423891085700131,0.995256146758255
ecg_db_patient_01,s0014lre,8,s0014lre.dat,11,7.63643305848235,5.57581775076475,205657.42767367,54774.3291544588,0.458185993572105,0.0401824556279273,0.995679550201532
ecg_db_patient_01,s0014lre,9,s0014lre.dat,1,84.008400840084,4.87273944958992,150259.713362973,43957.9593567886,0.422178282071968,0.0507388111711036,0.995163677231876
ecg_db_patient_01,s0014lre,9,s0014lre.dat,2,45.0022501125056,5.45158511075266,162863.157922479,65200.6963040658,0.414832118507666,0.0513605444326336,0.994779740588472
ecg_db_patient_01,s0014lre,9,s0014lre.dat,3,28.0009333644455,3.25024653897245,154094.627678761,54424.8493614318,0.428254064053752,0.0501766605101727,0.995122499783232
ecg_db_patient_01,s0014lre,9,s0014lre.dat,4,21.0005250131253,3.25615787433031,149694.734369172,50284.7832326235,0.405868181285592,0.0513985347840638,0.995163494672682
ecg_db_patient_01,s0014lre,9,s0014lre.dat,5,18.0003600072001,2.65197417652722,164964.977308119,56431.2170211395,0.431868790552188,0.0504252119525292,0.994796855169554
ecg_db_patient_01,s0014lre,9,s0014lre.dat,6,14.0002333372223,4.11376675603743,151957.307350457,53219.0304446688,0.42014452031197,0.0510796648255498,0.995112413707952
ecg_db_patient_01,s0014lre,9,s0014lre.dat,7,12.8573265332362,3.04904957268703,167025.66786447,61075.123744142,0.405657306961263,0.0528010837984284,0.994803585795287
ecg_db_patient_01,s0014lre,9,s0014lre.dat,8,10.5001312516406,1.89466186686271,152015.02053944,52065.1888263078,0.442416754537813,0.0526812528804997,0.995137112402756
ecg_db_patient_01,s0014lre,9,s0014lre.dat,9,9.33343703818931,3.1214723679044,155280.784046434,57498.1640156209,0.422155675095336,0.0513022427448887,0.995035094262507
ecg_db_patient_01,s0014lre,9,s0014lre.dat,10,9.00009000090001,4.16684981282478,162190.768710373,63861.3102580641,0.421542912169024,0.0520847260042763,0.994643788159223
ecg_db_patient_01,s0014lre,9,s0014lre.dat,11,7.63643305848235,5.31567589836026,149502.577803282,65595.3867901767,0.440817944537274,0.0510910898646269,0.995129672564888
ecg_db_patient_01,s0014lre,10,s0014lre.dat,1,84.008400840084,4.87273944958991,160838.872405364,59436.2495376458,0.502639847417077,0.0566855273934235,0.99437871224908
ecg_db_patient_01,s0014lre,10,s0014lre.dat,2,45.0022501125056,5.26025946796631,175792.125160567,80100.1225751623,0.512642700732661,0.0571349938083332,0.993944554125488
ecg_db_patient_01,s0014lre,10,s0014lre.dat,3,28.0009333644455,2.90225376614058,166914.885432312,67723.1428974635,0.512445523239776,0.0564940334884531,0.994298982382146
ecg_db_patient_01,s0014lre,10,s0014lre.dat,4,21.0005250131253,3.45298087499441,158381.440723586,60087.1258084415,0.503468419549056,0.057122618597328,0.994449116751232
ecg_db_patient_01,s0014lre,10,s0014lre.dat,5,18.0003600072001,2.73459722409393,179555.875940746,70948.3682282257,0.508273500025936,0.0565798583810537,0.993901365856174
ecg_db_patient_01,s0014lre,10,s0014lre.dat,6,14.0002333372223,4.05253956465294,161874.739204721,64350.6845017261,0.501805415195493,0.0574090041671359,0.994359074417223
ecg_db_patient_01,s0014lre,10,s0014lre.dat,7,12.8573265332362,3.22081144645678,179242.759235734,73165.7734455709,0.511175023710514,0.059281116160528,0.994030727892473
ecg_db_patient_01,s0014lre,10,s0014lre.dat,8,10.5001312516406,2.14535873516861,163108.936576633,63898.6167193295,0.535521414384279,0.0588204145875036,0.994382913729995
ecg_db_patient_01,s0014lre,10,s0014lre.dat,9,9.33343703818931,3.06761412342824,166186.225622025,70832.7012428355,0.511474268752851,0.0574930450136547,0.994248550525663
ecg_db_patient_01,s0014lre,10,s0014lre.dat,10,9.00009000090001,4.32282467685362,172732.844758662,76131.5763379976,0.505782389287756,0.0580991125637682,0.993933878033424
ecg_db_patient_01,s0014lre,10,s0014lre.dat,11,7.63643305848235,5.45611865424755,156248.815844242,77309.426377848,0.535983073878572,0.0570988450572325,0.994486090275291
ecg_db_patient_01,s0014lre,11,s0014lre.dat,1,84.008400840084,4.87931268804234,341859.375484167,70352.6718981677,0.501359609452553,0.0512117724513817,0.994128767857698
ecg_db_patient_01,s0014lre,11,s0014lre.dat,2,45.0022501125056,5.26495776049344,368876.50198114,75979.5747633793,0.521343714748615,0.0522239188535641,0.993705235639451
ecg_db_patient_01,s0014lre,11,s0014lre.dat,3,28.0009333644455,3.06552375581023,346902.956281866,65157.0042584363,0.516994244562917,0.0520610739876087,0.994050806057038
ecg_db_patient_01,s0014lre,11,s0014lre.dat,4,22.5005625140628,41.20572882394,340335.769626053,56194.5198103586,0.511407525009258,0.0534104842843198,0.994208956439485
ecg_db_patient_01,s0014lre,11,s0014lre.dat,5,18.0003600072001,2.81772256256001,365496.568853176,70625.9952249712,0.52471291509031,0.0549682289121475,0.993684461163888
ecg_db_patient_01,s0014lre,11,s0014lre.dat,6,14.0002333372223,4.09345944848739,344093.674398867,61419.7412871533,0.516196601317104,0.0547158472678066,0.994130902444375
ecg_db_patient_01,s0014lre,11,s0014lre.dat,7,12.8573265332362,2.87180304813055,379372.846149294,70846.8896966357,0.526250169584299,0.0575503234645367,0.993777856039379
ecg_db_patient_01,s0014lre,11,s0014lre.dat,8,10.5001312516406,2.1061570302087,360459.868745573,63606.4526059871,0.537504625180985,0.0546985678807842,0.994126773983007
ecg_db_patient_01,s0014lre,11,s0014lre.dat,9,9.33343703818931,3.14805597317721,346307.055880536,68627.6645847159,0.5317629748189,0.0546725909491709,0.994017708273897
ecg_db_patient_01,s0014lre,11,s0014lre.dat,10,10.20010200102,164.34146362579,370425.514291931,70099.2638000943,0.531769047931152,0.05304581883431,0.993814026806217
ecg_db_patient_01,s0014lre,11,s0014lre.dat,11,9.81827107519159,190.789439681859,346863.646086297,71066.2074646521,0.548813033404758,0.0516302087313171,0.994289215486351
ecg_db_patient_01,s0014lre,12,s0014lre.dat,1,174.017401740174,46.07671312131,116858.309457342,12555.8784302259,0.540246936352727,0.0458500232821,0.998409971162926
ecg_db_patient_01,s0014lre,12,s0014lre.dat,2,87.0043502175109,42.0394120952252,123970.742951745,13855.1342551389,0.556939254539419,0.0481081816572023,0.998316165830118
ecg_db_patient_01,s0014lre,12,s0014lre.dat,3,58.0019333977799,44.7178100948886,117795.563461602,11749.6944542676,0.558194983500928,0.0484264339343673,0.998393971412495
ecg_db_patient_01,s0014lre,12,s0014lre.dat,4,43.5010875271882,41.7375904314858,116160.233958387,10638.1984381827,0.552713049345393,0.0507629758145086,0.998424883891673
ecg_db_patient_01,s0014lre,12,s0014lre.dat,5,34.8006960139203,54.707628381923,122240.509187011,12255.8706914407,0.566325410448644,0.0534967174780001,0.998323125002037
ecg_db_patient_01,s0014lre,12,s0014lre.dat,6,29.000483341389,46.4236729202614,117225.164884523,11146.0410134368,0.555344280768659,0.0525827902545996,0.998408183311789
ecg_db_patient_01,s0014lre,12,s0014lre.dat,7,24.8574979642566,49.5365291968233,128246.980463444,13096.0950979679,0.564202719895553,0.056190747551582,0.998302697870704
ecg_db_patient_01,s0014lre,12,s0014lre.dat,8,21.7502718783985,38.8610841644165,124933.699313703,11732.4867817713,0.582033072455171,0.0530230918661512,0.998391108260558
ecg_db_patient_01,s0014lre,12,s0014lre.dat,9,19.333548150535,50.9013986148943,117527.148965278,12227.1839846842,0.576985108927013,0.0533831164225251,0.998383101720355
ecg_db_patient_01,s0014lre,12,s0014lre.dat,10,17.40017400174,49.8223696598076,120391.367519722,12345.7713286309,0.595893895843288,0.0519472297649315,0.998389260922237
ecg_db_patient_01,s0014lre,12,s0014lre.dat,11,12.0001090919008,321.321223344224,124078.350406163,12633.8750010313,0.651680577986058,0.0472362880356549,0.998480346194856
ecg_db_patient_01,s0016lre,1,s0016lre.dat,1,156.015601560156,89.5553832366692,107045.70979609,8711.3517790603,0.489045548080478,0.0554994602624856,0.998099191708398
ecg_db_patient_01,s0016lre,1,s0016lre.dat,2,84.0042002100105,90.2583187443911,116523.975155428,13536.976893732,0.481114161698768,0.0545397862753991,0.997992812887606
ecg_db_patient_01,s0016lre,1,s0016lre.dat,3,52.001733391113,90.2108640907511,111511.201167354,11588.3534244921,0.495368718743654,0.0520006263740199,0.998043359725712
ecg_db_patient_01,s0016lre,1,s0016lre.dat,4,40.5010125253131,86.6689901069225,114870.263157253,11070.7975811169,0.489378031167261,0.0558405406185798,0.997950853658393
ecg_db_patient_01,s0016lre,1,s0016lre.dat,5,32.4006480129603,91.5175729237077,109940.737016012,9511.13999334348,0.495244376648239,0.0525406813742358,0.998093991640203
ecg_db_patient_01,s0016lre,1,s0016lre.dat,6,27.0004500075001,87.8024706153184,109558.252952404,11237.2898038347,0.489216146395186,0.0524219123070606,0.99810222764642
ecg_db_patient_01,s0016lre,1,s0016lre.dat,7,22.2860326576094,95.5403405199432,112882.298755663,11825.2459179826,0.494158915369237,0.0504109956100733,0.998059668862802
ecg_db_patient_01,s0016lre,1,s0016lre.dat,8,20.2502531281641,106.465949775214,105574.159135556,11064.663168657,0.500148159966815,0.051976476439968,0.998153998418065
ecg_db_patient_01,s0016lre,1,s0016lre.dat,9,17.3335259280659,96.9104913481164,104821.97057081,12910.7378950299,0.495510852782583,0.0510298448286109,0.998188392454909
ecg_db_patient_01,s0016lre,1,s0016lre.dat,10,15.60015600156,94.0092548635506,103911.841817807,10329.2799170634,0.496838975037643,0.0478291933527499,0.998162789234707
ecg_db_patient_01,s0016lre,1,s0016lre.dat,11,14.1819471086101,96.8588836056525,105525.117707954,10179.4410441341,0.494061960384443,0.0456621042382061,0.998173734509103
ecg_db_patient_01,s0016lre,2,s0016lre.dat,1,180.01800180018,86.2458823176433,163577.074563646,8518.11493244037,0.639886908387484,0.0654581163256211,0.998662764849009
ecg_db_patient_01,s0016lre,2,s0016lre.dat,2,81.0040502025101,61.2667810606894,179700.881336626,6813.55848723448,0.621062243910901,0.065890630912489,0.998634915104815
ecg_db_patient_01,s0016lre,2,s0016lre.dat,3,58.0019333977799,77.6259089868309,161528.246536848,7176.78286893585,0.64329024482315,0.0653198157256207,0.998681963819523
ecg_db_patient_01,s0016lre,2,s0016lre.dat,4,42.0010500262507,79.3269946472957,168753.252546497,7689.99080145559,0.645842240800897,0.0721096161462826,0.998575000671043
ecg_db_patient_01,s0016lre,2,s0016lre.dat,5,33.6006720134403,72.5330065352114,157357.322964745,6858.54830677878,0.641272966161656,0.0720219226425098,0.998740719639791
ecg_db_patient_01,s0016lre,2,s0016lre.dat,6,28.0004666744446,72.6875019138294,173196.040310945,7544.14005227227,0.636107385480099,0.0671941560428176,0.998708270902724
ecg_db_patient_01,s0016lre,2,s0016lre.dat,7,25.7146530664724,86.7066710122673,202440.923749864,7232.40937014039,0.616820511447472,0.0675364540387896,0.998647897671916
ecg_db_patient_01,s0016lre,2,s0016lre.dat,8,19.5002437530469,105.081048085117,158664.879025572,6970.1170263293,0.631841519578365,0.0661981659255144,0.998675800648145
ecg_db_patient_01,s0016lre,2,s0016lre.dat,9,20.0002222246914,96.6972447531839,161926.496564352,5974.70696915465,0.62807856093755,0.0617231627059992,0.99869217463029
ecg_db_patient_01,s0016lre,2,s0016lre.dat,10,18.0001800018,92.4853336795234,159644.816065142,6747.87486408786,0.639378380538439,0.0591063063679845,0.998754292404511
ecg_db_patient_01,s0016lre,2,s0016lre.dat,11,15.818325621142,76.1919307896859,158116.76101276,6861.1525240566,0.617415320308867,0.055522380702602,0.998736448759373
ecg_db_patient_01,s0016lre,3,s0016lre.dat,1,150.01500150015,155.19328761818,283077.90204011,6993.19428692283,0.520205041627398,0.0260617361487681,0.997639406521279
ecg_db_patient_01,s0016lre,3,s0016lre.dat,2,78.0039001950098,143.966002931248,319254.52754042,7883.18964175115,0.489198477479073,0.0238640325123769,0.997509355751045
ecg_db_patient_01,s0016lre,3,s0016lre.dat,3,48.0016000533351,178.94964734412,289072.352353144,8634.37755330427,0.508754221674771,0.0246906961243495,0.997528766611281
ecg_db_patient_01,s0016lre,3,s0016lre.dat,4,31.500787519688,206.131256089032,299498.847869432,8343.06681791342,0.508505572978182,0.0263689215167198,0.997431486469278
ecg_db_patient_01,s0016lre,3,s0016lre.dat,5,28.8005760115202,164.964087599782,285053.240744481,8338.59585504938,0.500337675782702,0.0243002842642755,0.997589400564186
ecg_db_patient_01,s0016lre,3,s0016lre.dat,6,25.0004166736112,162.076918579519,304627.021651044,10636.0439504939,0.501579858768431,0.0267964363206846,0.99763134803072
ecg_db_patient_01,s0016lre,3,s0016lre.dat,7,19.7145673509622,191.484296825447,335176.912485687,9056.3981981702,0.502606418911575,0.0298473421167587,0.997418277999344
ecg_db_patient_01,s0016lre,3,s0016lre.dat,8,18.0002250028125,171.276075594773,284360.172257194,7928.89936516363,0.511945797894765,0.023265166377906,0.997654056231402
ecg_db_patient_01,s0016lre,3,s0016lre.dat,9,14.000155557284,211.56695468761,287368.484564409,8750.63874485858,0.515931392931444,0.023437823994309,0.997621640438484
ecg_db_patient_01,s0016lre,3,s0016lre.dat,10,14.40014400144,169.581815342511,284498.546386303,8025.1076311875,0.520913202569653,0.0217445815467327,0.997650884632895
ecg_db_patient_01,s0016lre,3,s0016lre.dat,11,13.0910281002555,168.671606003906,284134.194184968,8453.58361290207,0.513171897386624,0.0201659847700256,0.99760992428647
ecg_db_patient_01,s0016lre,4,s0016lre.dat,1,84.008400840084,33.4081212297633,178621.141733541,20985.4284544355,0.723045258418526,0.0855822232524686,0.997248481831005
ecg_db_patient_01,s0016lre,4,s0016lre.dat,2,42.0021001050053,34.4441204837261,187744.021475085,25384.3089077313,0.718540696623838,0.0845843486068984,0.997158954882537
ecg_db_patient_01,s0016lre,4,s0016lre.dat,3,26.0008666955565,35.1951270731754,176811.842824264,22054.7788474465,0.730370109396951,0.0836140135350033,0.997298766677697
ecg_db_patient_01,s0016lre,4,s0016lre.dat,4,21.0005250131253,39.5357676424389,185019.024318247,22327.5295488464,0.74196642149311,0.0875609776307011,0.997068761113908
ecg_db_patient_01,s0016lre,4,s0016lre.dat,5,15.6003120062401,36.5558932777374,172241.700521034,18440.0827033693,0.738520091596642,0.0881526431995298,0.997392712520526
ecg_db_patient_01,s0016lre,4,s0016lre.dat,6,14.0002333372223,25.061207125039,178888.389780691,20128.0165767228,0.720556791124518,0.0831738271173893,0.997310424791789
ecg_db_patient_01,s0016lre,4,s0016lre.dat,7,12.0001714310204,38.3047831250408,203866.868397247,22154.3416408452,0.708192228061183,0.0833551890983504,0.997355669238549
ecg_db_patient_01,s0016lre,4,s0016lre.dat,8,9.75012187652346,21.8193339342275,168384.542814253,21571.869234259,0.737310862045731,0.0817455085967776,0.99732312651888
ecg_db_patient_01,s0016lre,4,s0016lre.dat,9,8.66676296403293,30.0124973969178,169499.949108788,22244.4003264571,0.728256803652758,0.0803985011445518,0.997437654359251
ecg_db_patient_01,s0016lre,4,s0016lre.dat,10,7.80007800078001,31.9861475699034,166443.412139435,19924.2340852789,0.738677427628242,0.0771701381916313,0.997457073848388
ecg_db_patient_01,s0016lre,4,s0016lre.dat,11,7.09097355430504,27.2278544987676,166639.166897113,19442.6103397407,0.713212210473247,0.0729604799599777,0.997484564914351
ecg_db_patient_01,s0016lre,5,s0016lre.dat,1,156.015601560156,90.3281056297911,243348.542607917,8782.33378479146,0.470427308621416,0.033929867931713,0.997296948201603
ecg_db_patient_01,s0016lre,5,s0016lre.dat,2,84.0042002100105,94.7125204947135,273015.952945986,13353.6441132788,0.433438139526467,0.0321585168485733,0.997136330869699
ecg_db_patient_01,s0016lre,5,s0016lre.dat,3,52.001733391113,92.8007183880239,251946.851700172,12502.0339849854,0.453840628476307,0.0317479044185962,0.997174030302419
ecg_db_patient_01,s0016lre,5,s0016lre.dat,4,40.5010125253131,97.7310280625035,260041.646228414,11749.9759454218,0.445297253506224,0.0338613386324864,0.997066041501951
ecg_db_patient_01,s0016lre,5,s0016lre.dat,5,32.4006480129603,95.8052190645165,248962.608011861,10954.0886465964,0.441534155419698,0.0314988228697012,0.99723501030798
ecg_db_patient_01,s0016lre,5,s0016lre.dat,6,27.0004500075001,90.4559476294316,259023.844656567,13762.1936886067,0.444664097640949,0.0319572118541519,0.997283076713689
ecg_db_patient_01,s0016lre,5,s0016lre.dat,7,22.2860326576094,95.3420508834726,275574.81970121,12988.5449811671,0.455586880947174,0.032969344610107,0.997101261372595
ecg_db_patient_01,s0016lre,5,s0016lre.dat,8,19.5002437530469,125.794766716797,244891.08311888,11650.2149497986,0.46366716825773,0.0301125146913532,0.997342940306687
ecg_db_patient_01,s0016lre,5,s0016lre.dat,9,17.3335259280659,99.8641243557132,245700.034458048,13901.8169196868,0.460123627230314,0.0308574163135655,0.99733086681391
ecg_db_patient_01,s0016lre,5,s0016lre.dat,10,15.60015600156,99.4237563831369,243607.952504067,11293.0122968882,0.468310871285486,0.0278881673493823,0.997325795529743
ecg_db_patient_01,s0016lre,5,s0016lre.dat,11,14.1819471086101,103.5983912359,244994.826491088,11497.4540668812,0.470879054445694,0.0265484057625274,0.997303637013799
ecg_db_patient_01,s0016lre,6,s0016lre.dat,1,162.016201620162,117.886053197406,229280.347072185,6245.05460090308,0.566402645825344,0.0370728814005146,0.998355425803862
ecg_db_patient_01,s0016lre,6,s0016lre.dat,2,81.0040502025101,127.452337999499,257422.209871306,4686.6097180711,0.542155698056279,0.0351018914941943,0.998284874994607
ecg_db_patient_01,s0016lre,6,s0016lre.dat,3,54.001800060002,124.618834235254,230676.890293725,5831.70251152441,0.557443532158635,0.0365277634211551,0.998303615551633
ecg_db_patient_01,s0016lre,6,s0016lre.dat,4,40.5010125253131,129.876041492826,239973.850543975,6042.37757247835,0.557997808057654,0.0419544042276048,0.998215536109854
ecg_db_patient_01,s0016lre,6,s0016lre.dat,5,32.4006480129603,130.946994561217,226598.878507147,6027.44629508828,0.55416066113983,0.0392214997582747,0.998358306727552
ecg_db_patient_01,s0016lre,6,s0016lre.dat,6,27.0004500075001,124.157740859701,246727.643474831,7325.22946661315,0.551032523461526,0.0389967687104355,0.998369792125264
ecg_db_patient_01,s0016lre,6,s0016lre.dat,7,24.0003428620409,133.267323403674,279655.574437243,6051.36155203079,0.542468546774201,0.041498759128789,0.998217949549533
ecg_db_patient_01,s0016lre,6,s0016lre.dat,8,19.5002437530469,137.793021110166,228014.008956395,5429.65280205538,0.557415309623828,0.0364324790792621,0.998356203152126
ecg_db_patient_01,s0016lre,6,s0016lre.dat,9,17.3335259280659,138.514776588396,231682.814300367,4957.48163932209,0.560378138600838,0.0326924539643315,0.998335758421796
ecg_db_patient_01,s0016lre,6,s0016lre.dat,10,15.60015600156,129.635424685282,228971.187324947,5566.99351776668,0.565676868110337,0.0318373039624086,0.998388411568938
ecg_db_patient_01,s0016lre,6,s0016lre.dat,11,14.7274066127874,135.909291016528,227531.058093742,5931.49070692834,0.551741412834094,0.0294873617699601,0.998351725596073
ecg_db_patient_01,s0016lre,7,s0016lre.dat,1,78.007800780078,11.0823364782965,127460.214177074,4782.52198591147,0.671862739936732,0.0268625645784016,0.998956566356384
ecg_db_patient_01,s0016lre,7,s0016lre.dat,2,42.0021001050053,7.69615288509582,146943.545587646,4128.10164055543,0.654762114801707,0.0246756517102605,0.998879511483504
ecg_db_patient_01,s0016lre,7,s0016lre.dat,3,26.0008666955565,6.24439142290278,127561.249590782,4842.99994052176,0.679024992868193,0.0254087956244983,0.998965680155746
ecg_db_patient_01,s0016lre,7,s0016lre.dat,4,21.0005250131253,6.69385481674766,133927.816190646,5241.32546080152,0.679968640768755,0.027797683428097,0.998874516242619
ecg_db_patient_01,s0016lre,7,s0016lre.dat,5,15.6003120062401,8.46203643374692,128749.240658205,5736.15849324068,0.676838561219775,0.0258527838416201,0.998933567702282
ecg_db_patient_01,s0016lre,7,s0016lre.dat,6,14.0002333372223,21.0786074565586,118286.210191067,6590.85848323685,0.674878564939176,0.0275581956585908,0.998973495747411
ecg_db_patient_01,s0016lre,7,s0016lre.dat,7,12.0001714310204,7.27570597508556,128178.72373344,4961.82025047323,0.65014021341523,0.0264539446704748,0.998925262209443
ecg_db_patient_01,s0016lre,7,s0016lre.dat,8,9.75012187652346,9.26217462520993,121188.922499921,4892.69884959807,0.675025956911735,0.0258162051271593,0.998976390121127
ecg_db_patient_01,s0016lre,7,s0016lre.dat,9,8.66676296403293,7.17476638834145,117925.828888498,4640.80073253633,0.677340679791024,0.0245832770370099,0.99900701519203
ecg_db_patient_01,s0016lre,7,s0016lre.dat,10,7.80007800078001,5.40762648880503,120573.758722593,5315.46027159354,0.672002273064703,0.0241697200495963,0.998979421755249
ecg_db_patient_01,s0016lre,7,s0016lre.dat,11,7.09097355430504,6.90191014403725,122017.80319991,5014.95687358102,0.648944811434662,0.0219617156729741,0.998992822877327
ecg_db_patient_01,s0016lre,8,s0016lre.dat,1,78.007800780078,6.98483205151543,244528.460283083,56736.9148475229,0.544441807624145,0.03918236406758,0.995544915586189
ecg_db_patient_01,s0016lre,8,s0016lre.dat,2,42.0021001050053,4.21079199566641,338566.351375819,43556.9883821748,0.513586489357417,0.0384056655807399,0.995283418462077
ecg_db_patient_01,s0016lre,8,s0016lre.dat,3,26.0008666955565,2.91807325390438,237643.900490134,42484.9312104711,0.543335338992863,0.0378667066590927,0.995445707307851
ecg_db_patient_01,s0016lre,8,s0016lre.dat,4,21.0005250131253,3.93374617563956,247101.37565317,49299.5145809431,0.539857261141502,0.0387092144133378,0.995230648193445
ecg_db_patient_01,s0016lre,8,s0016lre.dat,5,15.6003120062401,5.27142094580567,234100.109599631,45302.9796644287,0.542168286403341,0.0380384422675795,0.995555663138389
ecg_db_patient_01,s0016lre,8,s0016lre.dat,6,14.0002333372223,7.42570034683751,238030.731454953,39697.2761129539,0.530216408487649,0.0366719466324131,0.995361840206277
ecg_db_patient_01,s0016lre,8,s0016lre.dat,7,12.0001714310204,17.1482973663307,235394.570791521,40476.8083867888,0.523428333481939,0.0383800463368545,0.995432069267426
ecg_db_patient_01,s0016lre,8,s0016lre.dat,8,9.75012187652346,4.5618643185223,225972.515231739,36567.560462541,0.538169661619369,0.0374711440298999,0.995684337680489
ecg_db_patient_01,s0016lre,8,s0016lre.dat,9,8.66676296403293,3.93411651165447,224942.322325137,26337.524410083,0.542270477460414,0.0360204802759479,0.995698737214927
ecg_db_patient_01,s0016lre,8,s0016lre.dat,10,7.80007800078001,3.95715692247505,226285.44309335,39834.3122792246,0.554937506271062,0.0369588059046002,0.995722944212468
ecg_db_patient_01,s0016lre,8,s0016lre.dat,11,7.09097355430504,2.96443566094423,228703.563874457,38828.5848101071,0.517802335676648,0.0357542678540287,0.995650391616106
ecg_db_patient_01,s0016lre,9,s0016lre.dat,1,78.007800780078,7.20269309902807,254015.000939964,109262.562652814,0.466645374368635,0.0517435612748529,0.993272804622207
ecg_db_patient_01,s0016lre,9,s0016lre.dat,2,42.0021001050053,4.13087188909362,349613.589230993,89726.4088477264,0.467900568255145,0.0509852603521328,0.992976441056995
ecg_db_patient_01,s0016lre,9,s0016lre.dat,3,26.0008666955565,2.91807325390423,248759.422959676,81954.7005118787,0.458227810798055,0.0497584007069199,0.993249547167804
ecg_db_patient_01,s0016lre,9,s0016lre.dat,4,21.0005250131253,4.16025147168927,259315.280273221,95114.326354477,0.457834253625626,0.0495583686816418,0.992873321339197
ecg_db_patient_01,s0016lre,9,s0016lre.dat,5,15.6003120062401,5.02418393795698,238803.743165327,80552.2504447164,0.473347438718809,0.0494950618343757,0.993465768825286
ecg_db_patient_01,s0016lre,9,s0016lre.dat,6,14.0002333372223,7.55916831675463,284202.864913125,74256.9583497679,0.453299213555692,0.048375341060776,0.99273249387836
ecg_db_patient_01,s0016lre,9,s0016lre.dat,7,11.1430163288047,6.07279078174017,270744.256706491,77217.2939036132,0.491330995360289,0.049686557497224,0.993362535096628
ecg_db_patient_01,s0016lre,9,s0016lre.dat,8,9.75012187652346,4.18511069329736,236525.980813921,73235.6675282456,0.474688656529608,0.0476968564507739,0.99349411423074
ecg_db_patient_01,s0016lre,9,s0016lre.dat,9,8.66676296403293,4.20227211268984,237006.060742857,55479.3563541489,0.461901496482407,0.0470386801078635,0.993481040857305
ecg_db_patient_01,s0016lre,9,s0016lre.dat,10,7.80007800078001,3.88762605758809,226380.615937785,73492.970469848,0.459944991562705,0.0477288177025974,0.99362478665171
ecg_db_patient_01,s0016lre,9,s0016lre.dat,11,7.09097355430504,2.91807325390439,236794.258290157,73129.3254033308,0.476411690906863,0.0471197276502072,0.993445417200889
ecg_db_patient_01,s0016lre,10,s0016lre.dat,1,78.007800780078,7.10100291678865,346433.585030289,149973.978383765,0.501786053764146,0.0553813028462435,0.991573106824591
ecg_db_patient_01,s0016lre,10,s0016lre.dat,2,42.0021001050053,4.0287428846688,438313.094127691,119768.565008351,0.507574229350174,0.0550708920798909,0.991312957696459
ecg_db_patient_01,s0016lre,10,s0016lre.dat,3,26.0008666955565,2.46644143115795,337718.895953686,110743.27311284,0.51199313394716,0.0537913943974548,0.991721589131508
ecg_db_patient_01,s0016lre,10,s0016lre.dat,4,21.0005250131253,4.10596813905998,359315.137048272,129517.36180614,0.511117337701535,0.0536292384985443,0.991150241753938
ecg_db_patient_01,s0016lre,10,s0016lre.dat,5,15.6003120062401,5.06548032363099,327522.452483322,109360.413252511,0.520364754217365,0.0534950404473425,0.991909967482109
ecg_db_patient_01,s0016lre,10,s0016lre.dat,6,14.0002333372223,7.4291525554607,411283.449379491,104649.908314477,0.507853945350178,0.051414968578194,0.990833954048586
ecg_db_patient_01,s0016lre,10,s0016lre.dat,7,11.1430163288047,6.26860866105502,422724.877436214,102760.408959632,0.520872356236941,0.0540069753502405,0.991844446387171
ecg_db_patient_01,s0016lre,10,s0016lre.dat,8,9.75012187652346,4.09730140310416,327011.976610568,101121.634141796,0.517455353504593,0.0516013491993212,0.99183760472316
ecg_db_patient_01,s0016lre,10,s0016lre.dat,9,8.66676296403293,4.22385003177315,327435.201734616,78618.5537754303,0.504989867043566,0.0511613006186315,0.991848139664564
ecg_db_patient_01,s0016lre,10,s0016lre.dat,10,7.80007800078001,3.92737093030993,313726.326573075,101640.418944415,0.509019676220458,0.0519190106556911,0.99199448911074
ecg_db_patient_01,s0016lre,10,s0016lre.dat,11,7.09097355430504,2.97972949758675,326743.627069538,101254.621391535,0.510366648580624,0.0511550279545076,0.991833223109943
ecg_db_patient_01,s0016lre,11,s0016lre.dat,1,78.007800780078,7.11539091538824,488855.568003001,95760.7239989418,0.567634911056064,0.0534054344959172,0.993307880555162
ecg_db_patient_01,s0016lre,11,s0016lre.dat,2,45.0022501125056,119.742145123099,534729.125023285,73606.523442904,0.563395816329647,0.0511349541290801,0.993046250639286
ecg_db_patient_01,s0016lre,11,s0016lre.dat,3,28.0009333644455,40.4796561756959,499555.994083251,71524.740607052,0.581607272166914,0.0530720469514573,0.993405208211323
ecg_db_patient_01,s0016lre,11,s0016lre.dat,4,21.0005250131253,3.8480764425478,529144.377585411,82773.4127465992,0.574968788234572,0.052836942675984,0.992922770954077
ecg_db_patient_01,s0016lre,11,s0016lre.dat,5,16.8003360067201,122.475429246975,491929.067201753,71890.6739507226,0.567502553617357,0.0511337789225777,0.993536321603968
ecg_db_patient_01,s0016lre,11,s0016lre.dat,6,14.0002333372223,7.47388616176186,561400.249990355,71282.5333192413,0.574206978950227,0.0521771105942914,0.992839488183705
ecg_db_patient_01,s0016lre,11,s0016lre.dat,7,11.1430163288047,6.35502664324571,702598.909976582,66318.1421829062,0.554239814482966,0.0506392003705502,0.993353911322556
ecg_db_patient_01,s0016lre,11,s0016lre.dat,8,10.5001312516406,144.125612948193,483133.057920559,64746.8432099023,0.565976163288526,0.0490728150790829,0.993464692542722
ecg_db_patient_01,s0016lre,11,s0016lre.dat,9,8.66676296403293,4.22385003177304,489858.078641127,52406.2433620473,0.562158752099452,0.0471359906343155,0.993495478965978
ecg_db_patient_01,s0016lre,11,s0016lre.dat,10,7.80007800078001,3.58870281282636,479096.176365621,66842.1007628924,0.564083501855223,0.0484187168543115,0.99360761899139
ecg_db_patient_01,s0016lre,11,s0016lre.dat,11,7.63643305848235,47.8066350936183,490434.29797761,67480.8477250406,0.548141494660215,0.0473049982768753,0.993480718135579
ecg_db_patient_01,s0016lre,12,s0016lre.dat,1,168.016801680168,149.425604887554,243211.910136486,36494.5891094864,0.641900344497023,0.0577119354730958,0.996636051818036
ecg_db_patient_01,s0016lre,12,s0016lre.dat,2,87.0043502175109,125.066606592872,260192.524724159,33523.33201819,0.638247028643253,0.0575579846594406,0.996583252758307
ecg_db_patient_01,s0016lre,12,s0016lre.dat,3,56.001866728891,113.775394773389,253429.42334131,29259.9463801778,0.656114819678751,0.0606753646393903,0.996708560821731
ecg_db_patient_01,s0016lre,12,s0016lre.dat,4,39.0009750243756,158.445227129125,258094.16849173,33173.0354673031,0.641947066352773,0.0568088445928493,0.996497162680487
ecg_db_patient_01,s0016lre,12,s0016lre.dat,5,33.6006720134403,136.417440046051,247618.464503277,27410.6563376474,0.637930091686139,0.0526494411136433,0.996784745074988
ecg_db_patient_01,s0016lre,12,s0016lre.dat,6,17.0002833380556,195.805505114982,255067.835015002,25969.3352409016,0.65135013009802,0.0551315941256344,0.996509285160586
ecg_db_patient_01,s0016lre,12,s0016lre.dat,7,28.2861183731196,106.815487580672,333562.947266757,27279.9136626349,0.634176845703992,0.0532604315973223,0.99679204816924
ecg_db_patient_01,s0016lre,12,s0016lre.dat,8,19.5002437530469,150.815560647214,241786.906242998,27653.1911638517,0.639957937611716,0.0510174428855747,0.9967429255188
ecg_db_patient_01,s0016lre,12,s0016lre.dat,9,16.6668518539095,175.915117665277,242563.124002348,26202.3265100992,0.63220377973709,0.0492753296875596,0.996730128473569
ecg_db_patient_01,s0016lre,12,s0016lre.dat,10,17.40017400174,130.17875378305,236762.908247454,26253.1922039343,0.666432526091074,0.0517500394165988,0.996866766291712
ecg_db_patient_01,s0016lre,12,s0016lre.dat,11,15.2728661169647,120.346733160216,243328.936092171,27266.2747276297,0.619792394908877,0.0493315890556925,0.996795803141892
ecg_db_patient_01-1,s0014lre,1,s0014lre.dat,1,168.016801680168,74.3319152062801,106220.374276949,9111.11581296592,0.446745611907801,0.0458007183520631,0.997944348400608
ecg_db_patient_01-1,s0014lre,1,s0014lre.dat,2,87.0043502175109,76.8051544235916,115493.86712897,12104.7304069213,0.459381761286699,0.0538917203359894,0.99773856288866
ecg_db_patient_01-1,s0014lre,1,s0014lre.dat,3,58.0019333977799,71.0426785060374,115178.641129795,11525.9659242699,0.464147716897831,0.0446857538443087,0.997978128108651
ecg_db_patient_01-1,s0014lre,1,s0014lre.dat,4,42.0010500262507,72.3134203950468,106774.579148968,13625.7765468797,0.462532485861701,0.0513716489191618,0.997902828208105
ecg_db_patient_01-1,s0014lre,1,s0014lre.dat,5,34.8006960139203,73.4489258532399,115396.124893541,12786.9531403296,0.443876326382971,0.0591363664872638,0.997666154648341
ecg_db_patient_01-1,s0014lre,1,s0014lre.dat,6,29.000483341389,77.6539604021429,107897.599483912,12344.763252388,0.45051220428189,0.0553659232174944,0.997888923376887
ecg_db_patient_01-1,s0014lre,1,s0014lre.dat,7,24.8574979642566,81.3244205368927,112348.938569639,13863.900801013,0.472643420429473,0.0580119311713693,0.997706091357552
ecg_db_patient_01-1,s0014lre,1,s0014lre.dat,8,21.7502718783985,69.5628355894015,114020.357707719,11723.5132912881,0.477558517494021,0.0516256862250529,0.99786090829083
ecg_db_patient_01-1,s0014lre,1,s0014lre.dat,9,18.6668740763786,73.1627970473713,108863.477078323,11901.2865317924,0.484744731045973,0.0554207344327491,0.997824491873008
ecg_db_patient_01-1,s0014lre,1,s0014lre.dat,10,18.0001800018,72.5429208776302,119045.587933819,12446.5167413658,0.472424694152319,0.0517377437006798,0.997746140883628
ecg_db_patient_01-1,s0014lre,1,s0014lre.dat,11,15.818325621142,76.6624826325515,112053.747430152,8719.54584463751,0.511887462354011,0.0465502979306685,0.997943920529465
ecg_db_patient_01-1,s0014lre,2,s0014lre.dat,1,174.017401740174,55.7855398380839,84975.576203007,4490.66491962826,0.555583655993672,0.0435978593097713,0.999310481082935
ecg_db_patient_01-1,s0014lre,2,s0014lre.dat,2,87.0043502175109,57.0239321336122,89720.145857174,4048.13664972945,0.589711424410211,0.0514758209218477,0.999259544874185
ecg_db_patient_01-1,s0014lre,2,s0014lre.dat,3,58.0019333977799,51.3125602165673,85430.8373042061,3491.7775731784,0.587720068488123,0.0428297164823461,0.999319274845886
ecg_db_patient_01-1,s0014lre,2,s0014lre.dat,4,43.5010875271882,48.5668142844002,84414.1956275687,3159.27860459348,0.573253884934473,0.0499095431970275,0.999308306983681
ecg_db_patient_01-1,s0014lre,2,s0014lre.dat,5,34.8006960139203,53.0466875327861,89194.829987758,3995.53455166794,0.58334734061287,0.0536577151421735,0.99924673805805
ecg_db_patient_01-1,s0014lre,2,s0014lre.dat,6,29.000483341389,57.4770255459387,84288.797383067,3474.62042214709,0.573256990775261,0.0508653811510813,0.999303153753386
ecg_db_patient_01-1,s0014lre,2,s0014lre.dat,7,24.8574979642566,52.1066773082473,91914.1554254662,4150.69177062383,0.589697683406933,0.0573469846275197,0.999234659543728
ecg_db_patient_01-1,s0014lre,2,s0014lre.dat,8,21.7502718783985,52.0415356092751,87304.2513020748,3586.48792466183,0.597654022498094,0.0497678004183225,0.999300100789071
ecg_db_patient_01-1,s0014lre,2,s0014lre.dat,9,19.333548150535,42.1189264850611,86733.4384410692,3906.99516920729,0.595460160122369,0.0529265259778929,0.999273821457265
ecg_db_patient_01-1,s0014lre,2,s0014lre.dat,10,16.80016800168,80.2679451583447,89423.0890835887,3665.8178724019,0.603047497332947,0.0470261184996338,0.999280572458526
ecg_db_patient_01-1,s0014lre,2,s0014lre.dat,11,14.7274066127874,111.560566509856,88580.8847381058,3570.35765381315,0.625148752689004,0.0404725696515833,0.999332945874322
ecg_db_patient_01-1,s0014lre,3,s0014lre.dat,1,156.015601560156,148.854884591224,231242.35463404,9894.12640838414,0.463871998352201,0.0224373739103019,0.997920836019737
ecg_db_patient_01-1,s0014lre,3,s0014lre.dat,2,75.0037501875094,174.584890692096,244275.049528092,7716.36759553564,0.481870296417688,0.026127984677257,0.997786540877764
ecg_db_patient_01-1,s0014lre,3,s0014lre.dat,3,44.0014667155572,186.42406854624,233382.722270626,7667.31110720382,0.482909165181366,0.0213191951615475,0.997923814253371
ecg_db_patient_01-1,s0014lre,3,s0014lre.dat,4,37.5009375234381,152.452320890591,230023.070164822,7727.88805375311,0.474492475236288,0.0277652504487562,0.997933625277259
ecg_db_patient_01-1,s0014lre,3,s0014lre.dat,5,32.4006480129603,136.57376704973,242642.547492628,8187.03171671532,0.481666550356444,0.0324122117695999,0.99776240134669
ecg_db_patient_01-1,s0014lre,3,s0014lre.dat,6,26.0004333405557,141.282730721061,232319.75856449,7885.39617893918,0.474652050844523,0.0301421302687262,0.997872085352491
ecg_db_patient_01-1,s0014lre,3,s0014lre.dat,7,24.0003428620409,126.024191590729,245129.34620194,8609.45950773282,0.483284202630634,0.0325855541051054,0.997759722696037
ecg_db_patient_01-1,s0014lre,3,s0014lre.dat,8,18.7502343779297,163.744714484893,234851.410801029,8083.75377875818,0.499940734874503,0.0279513002296558,0.997882421525191
ecg_db_patient_01-1,s0014lre,3,s0014lre.dat,9,13.3334814831276,191.571662190382,235356.57555551,7814.7640797965,0.512025980232959,0.0289151543491097,0.997857462560255
ecg_db_patient_01-1,s0014lre,3,s0014lre.dat,10,13.80013800138,183.525509273541,248129.897075351,8662.61245991832,0.506924430675527,0.0270299605578844,0.997692738353567
ecg_db_patient_01-1,s0014lre,3,s0014lre.dat,11,12.5455685960781,169.990864282155,247086.009908818,6945.7958031312,0.563606833913495,0.0262143224356974,0.997816220532543
ecg_db_patient_01-1,s0014lre,4,s0014lre.dat,1,84.008400840084,30.0260570598957,205172.117621117,18505.7998512477,0.648051410909016,0.0744092097669427,0.997078317401843
ecg_db_patient_01-1,s0014lre,4,s0014lre.dat,2,45.0022501125056,31.7944117005586,221561.840187168,24856.4988919386,0.69766109829126,0.0789408452391613,0.996754839902639
ecg_db_patient_01-1,s0014lre,4,s0014lre.dat,3,28.0009333644455,21.0904644877179,217874.54467241,21880.9805275161,0.679930093729736,0.0729586719805431,0.997167557733542
ecg_db_patient_01-1,s0014lre,4,s0014lre.dat,4,21.0005250131253,27.9915280223435,205312.791764924,24097.3113319923,0.679857443951067,0.0785089662009312,0.996989218337215
ecg_db_patient_01-1,s0014lre,4,s0014lre.dat,5,18.0003600072001,27.0368084468007,221369.545495037,25162.0880611518,0.684744798147957,0.0834443885349454,0.996637435570045
ecg_db_patient_01-1,s0014lre,4,s0014lre.dat,6,14.0002333372223,35.3235956586588,204204.486401791,22897.9989206106,0.679287051872455,0.0778065243637615,0.997036789263116
ecg_db_patient_01-1,s0014lre,4,s0014lre.dat,7,12.8573265332362,27.294990080901,223174.96085758,26974.7962665494,0.69798048300522,0.0863078119383347,0.99664507615401
ecg_db_patient_01-1,s0014lre,4,s0014lre.dat,8,11.2501406267578,35.8691149402017,223003.834066313,21995.4130966532,0.688892003220139,0.0771937416456043,0.996959854864195
ecg_db_patient_01-1,s0014lre,4,s0014lre.dat,9,9.33343703818931,33.4834440528603,209294.702040801,23858.1337081066,0.694033283962548,0.0807338952124117,0.996855991855981
ecg_db_patient_01-1,s0014lre,4,s0014lre.dat,10,9.00009000090001,47.9564821043431,221677.044600672,22714.9240345546,0.706686892035753,0.077092141851268,0.99696210938937
ecg_db_patient_01-1,s0014lre,4,s0014lre.dat,11,7.63643305848235,35.9574178360447,207885.167595871,18440.4626424739,0.685044154196013,0.0724866952183343,0.99728783490647
ecg_db_patient_01-1,s0014lre,5,s0014lre.dat,1,168.016801680168,77.0282628413317,207599.048372383,11158.9494526212,0.417127955319824,0.0285514432044415,0.997453342871596
ecg_db_patient_01-1,s0014lre,5,s0014lre.dat,2,87.0043502175109,73.2612470373,221055.648928359,11123.3855937,0.429264518827046,0.0349655602528561,0.997255731061875
ecg_db_patient_01-1,s0014lre,5,s0014lre.dat,3,58.0019333977799,72.1538901406838,214062.976864951,11096.3942107351,0.436267887242346,0.0275151529962635,0.997471688496195
ecg_db_patient_01-1,s0014lre,5,s0014lre.dat,4,42.0010500262507,75.91292432631,207133.005908733,12511.4344344213,0.425443622463559,0.0340432278864075,0.997445809141112
ecg_db_patient_01-1,s0014lre,5,s0014lre.dat,5,34.8006960139203,72.3102150167401,219862.632522189,11952.9555847291,0.426564424966287,0.0413619596414464,0.997200352573511
ecg_db_patient_01-1,s0014lre,5,s0014lre.dat,6,29.000483341389,76.0929534591579,209807.163349432,11755.0006020386,0.423619256509021,0.0379605110193796,0.997386939836961
ecg_db_patient_01-1,s0014lre,5,s0014lre.dat,7,24.8574979642566,73.3587528094404,218799.866586458,12829.141474048,0.431866384529088,0.0402070497079315,0.997230583319225
ecg_db_patient_01-1,s0014lre,5,s0014lre.dat,8,21.7502718783985,71.5384511993376,213178.178815744,11520.0847994836,0.456683545664498,0.0345377186319914,0.997381669944881
ecg_db_patient_01-1,s0014lre,5,s0014lre.dat,9,18.6668740763786,75.2863668736714,211783.845848981,11184.034835111,0.472885237287414,0.0370440569939694,0.997355054034372
ecg_db_patient_01-1,s0014lre,5,s0014lre.dat,10,18.0001800018,71.44711089451,226446.743034426,12390.2002287539,0.451875995364992,0.0334793814127393,0.997166694997819
ecg_db_patient_01-1,s0014lre,5,s0014lre.dat,11,15.2728661169647,102.230480900127,222582.84863871,8858.22743019158,0.521683775386422,0.0311301586251647,0.997351288779401
ecg_db_patient_01-1,s0014lre,6,s0014lre.dat,1,174.017401740174,83.7234993214231,173441.759010962,7209.98224205065,0.497408445487304,0.0273150220217746,0.998686036639249
ecg_db_patient_01-1,s0014lre,6,s0014lre.dat,2,90.0045002250113,88.5359435511511,182753.555838343,5189.77428479714,0.522665544210824,0.030271823504818,0.998608528040473
ecg_db_patient_01-1,s0014lre,6,s0014lre.dat,3,56.001866728891,107.342490451872,173640.74671959,4847.23812628641,0.520288779071798,0.0247890611518259,0.99868653118543
ecg_db_patient_01-1,s0014lre,6,s0014lre.dat,4,43.5010875271882,86.97183756309,172205.655243436,4279.76773917612,0.504907187220421,0.0308173848215715,0.998698891297385
ecg_db_patient_01-1,s0014lre,6,s0014lre.dat,5,34.8006960139203,69.1321103196531,181528.333624718,5293.03765575305,0.515987024983496,0.0339626413297166,0.998597791154759
ecg_db_patient_01-1,s0014lre,6,s0014lre.dat,6,29.000483341389,88.245171638228,173181.134322769,4815.35593833011,0.509540336951073,0.0324864979338339,0.998659655585383
ecg_db_patient_01-1,s0014lre,6,s0014lre.dat,7,24.8574979642566,88.8551151115202,185323.648489696,5458.16676980173,0.520766613548851,0.0362176167931928,0.998580955006475
ecg_db_patient_01-1,s0014lre,6,s0014lre.dat,8,20.2502531281641,172.808350937812,176139.235613513,5112.28606864336,0.539530803440813,0.0310357248121805,0.998670614725854
ecg_db_patient_01-1,s0014lre,6,s0014lre.dat,9,17.3335259280659,193.835523060145,176501.59123548,5172.46008351879,0.537697482095874,0.0311181711977102,0.998643567663661
ecg_db_patient_01-1,s0014lre,6,s0014lre.dat,10,16.80016800168,120.176579483734,184179.99040399,5366.00926806802,0.546429769465401,0.0305654237919659,0.998567803768418
ecg_db_patient_01-1,s0014lre,6,s0014lre.dat,11,14.1819471086101,201.727472926553,183774.030273457,4983.1941763918,0.589225539274221,0.0280086292824914,0.998640047823771
ecg_db_patient_01-1,s0014lre,7,s0014lre.dat,1,84.008400840084,5.52964041117731,127543.132500222,7339.93403055621,0.630884948274559,0.022662792840041,0.998909570281893
ecg_db_patient_01-1,s0014lre,7,s0014lre.dat,2,45.0022501125056,7.36937529969085,139098.218154616,6112.43751412298,0.645895173520733,0.0236939748455448,0.998842582365627
ecg_db_patient_01-1,s0014lre,7,s0014lre.dat,3,28.0009333644455,4.72852771578795,142131.640546454,5512.37230772625,0.65573257577551,0.0229514702234341,0.998900061300644
ecg_db_patient_01-1,s0014lre,7,s0014lre.dat,4,21.0005250131253,4.68083928481378,130465.696908012,5085.45429071849,0.648001535847394,0.023738228204555,0.998882384320418
ecg_db_patient_01-1,s0014lre,7,s0014lre.dat,5,18.0003600072001,5.99633587752075,136963.615336447,6406.47331928049,0.648543459276563,0.0260465461845101,0.998826374864293
ecg_db_patient_01-1,s0014lre,7,s0014lre.dat,6,14.0002333372223,6.70055489474063,130086.246531985,5665.06516230652,0.633663644760113,0.0265479133445693,0.998880142739047
ecg_db_patient_01-1,s0014lre,7,s0014lre.dat,7,12.8573265332362,21.4636160324123,134164.050193528,6301.89698376544,0.647651558895402,0.0271701263351964,0.998852378549146
ecg_db_patient_01-1,s0014lre,7,s0014lre.dat,8,11.2501406267578,4.98348922294073,150534.038647084,5914.71771567809,0.653751913140262,0.0250804888098314,0.998859681319997
ecg_db_patient_01-1,s0014lre,7,s0014lre.dat,9,9.33343703818931,5.74456264653824,130331.241404298,5749.59675067271,0.668136706677156,0.0251850573401644,0.998901388966201
ecg_db_patient_01-1,s0014lre,7,s0014lre.dat,10,9.00009000090001,7.13026362350362,137872.235335763,6495.1126706473,0.648587249937164,0.0260711992377282,0.998770631101145
ecg_db_patient_01-1,s0014lre,7,s0014lre.dat,11,7.63643305848235,5.75236851998757,133075.459548702,6091.42209605197,0.670727433564179,0.023734432742803,0.998855971473332
ecg_db_patient_01-1,s0014lre,8,s0014lre.dat,1,84.008400840084,4.74071291836571,198069.897006093,36142.7379124336,0.408127136703895,0.0393034842974335,0.995854187601698
ecg_db_patient_01-1,s0014lre,8,s0014lre.dat,2,45.0022501125056,5.26025946796647,210235.975697936,50869.223410123,0.399394176447805,0.0403740256003989,0.995517220381305
ecg_db_patient_01-1,s0014lre,8,s0014lre.dat,3,28.0009333644455,3.11941809169092,199586.521205665,40717.0562416505,0.423970397389063,0.0384973526554613,0.995859185374398
ecg_db_patient_01-1,s0014lre,8,s0014lre.dat,4,21.0005250131253,3.33205103540816,198637.315892468,38980.1608065301,0.405802247467842,0.0397397398728964,0.99578938223931
ecg_db_patient_01-1,s0014lre,8,s0014lre.dat,5,18.0003600072001,2.64886457118585,211916.497649529,44040.5028927946,0.425429828063934,0.0409586522175593,0.995557547798318
ecg_db_patient_01-1,s0014lre,8,s0014lre.dat,6,14.0002333372223,3.99037303056715,200905.83204119,41936.6529970146,0.401432449918388,0.0416082039487308,0.995750687300458
ecg_db_patient_01-1,s0014lre,8,s0014lre.dat,7,12.8573265332362,3.22081144645677,216830.143240146,48698.7592804232,0.385387494577636,0.0423991242707343,0.995484693307814
ecg_db_patient_01-1,s0014lre,8,s0014lre.dat,8,11.2501406267578,14.4361040070061,202367.854541628,41287.4301926822,0.425253918025573,0.0411092817697517,0.995802160287519
ecg_db_patient_01-1,s0014lre,8,s0014lre.dat,9,9.33343703818931,3.2264928963591,203442.345058416,44867.0065789245,0.4410523222728,0.0410717104241743,0.995714621822221
ecg_db_patient_01-1,s0014lre,8,s0014lre.dat,10,9.00009000090001,4.16684981282469,215709.328963844,51900.3839353917,0.414134119215103,0.0423891085700131,0.995256146758255
ecg_db_patient_01-1,s0014lre,8,s0014lre.dat,11,7.63643305848235,5.57581775076475,205657.42767367,54774.3291544588,0.458185993572105,0.0401824556279273,0.995679550201532
ecg_db_patient_01-1,s0014lre,9,s0014lre.dat,1,84.008400840084,4.87273944958992,150259.713362973,43957.9593567886,0.422178282071968,0.0507388111711036,0.995163677231876
ecg_db_patient_01-1,s0014lre,9,s0014lre.dat,2,45.0022501125056,5.45158511075266,162863.157922479,65200.6963040658,0.414832118507666,0.0513605444326336,0.994779740588472
ecg_db_patient_01-1,s0014lre,9,s0014lre.dat,3,28.0009333644455,3.25024653897245,154094.627678761,54424.8493614318,0.428254064053752,0.0501766605101727,0.995122499783232
ecg_db_patient_01-1,s0014lre,9,s0014lre.dat,4,21.0005250131253,3.25615787433031,149694.734369172,50284.7832326235,0.405868181285592,0.0513985347840638,0.995163494672682
ecg_db_patient_01-1,s0014lre,9,s0014lre.dat,5,18.0003600072001,2.65197417652722,164964.977308119,56431.2170211395,0.431868790552188,0.0504252119525292,0.994796855169554
ecg_db_patient_01-1,s0014lre,9,s0014lre.dat,6,14.0002333372223,4.11376675603743,151957.307350457,53219.0304446688,0.42014452031197,0.0510796648255498,0.995112413707952
ecg_db_patient_01-1,s0014lre,9,s0014lre.dat,7,12.8573265332362,3.04904957268703,167025.66786447,61075.123744142,0.405657306961263,0.0528010837984284,0.994803585795287
ecg_db_patient_01-1,s0014lre,9,s0014lre.dat,8,10.5001312516406,1.89466186686271,152015.02053944,52065.1888263078,0.442416754537813,0.0526812528804997,0.995137112402756
ecg_db_patient_01-1,s0014lre,9,s0014lre.dat,9,9.33343703818931,3.1214723679044,155280.784046434,57498.1640156209,0.422155675095336,0.0513022427448887,0.995035094262507
ecg_db_patient_01-1,s0014lre,9,s0014lre.dat,10,9.00009000090001,4.16684981282478,162190.768710373,63861.3102580641,0.421542912169024,0.0520847260042763,0.994643788159223
ecg_db_patient_01-1,s0014lre,9,s0014lre.dat,11,7.63643305848235,5.31567589836026,149502.577803282,65595.3867901767,0.440817944537274,0.0510910898646269,0.995129672564888
ecg_db_patient_01-1,s0014lre,10,s0014lre.dat,1,84.008400840084,4.87273944958991,160838.872405364,59436.2495376458,0.502639847417077,0.0566855273934235,0.99437871224908
ecg_db_patient_01-1,s0014lre,10,s0014lre.dat,2,45.0022501125056,5.26025946796631,175792.125160567,80100.1225751623,0.512642700732661,0.0571349938083332,0.993944554125488
ecg_db_patient_01-1,s0014lre,10,s0014lre.dat,3,28.0009333644455,2.90225376614058,166914.885432312,67723.1428974635,0.512445523239776,0.0564940334884531,0.994298982382146
ecg_db_patient_01-1,s0014lre,10,s0014lre.dat,4,21.0005250131253,3.45298087499441,158381.440723586,60087.1258084415,0.503468419549056,0.057122618597328,0.994449116751232
ecg_db_patient_01-1,s0014lre,10,s0014lre.dat,5,18.0003600072001,2.73459722409393,179555.875940746,70948.3682282257,0.508273500025936,0.0565798583810537,0.993901365856174
ecg_db_patient_01-1,s0014lre,10,s0014lre.dat,6,14.0002333372223,4.05253956465294,161874.739204721,64350.6845017261,0.501805415195493,0.0574090041671359,0.994359074417223
ecg_db_patient_01-1,s0014lre,10,s0014lre.dat,7,12.8573265332362,3.22081144645678,179242.759235734,73165.7734455709,0.511175023710514,0.059281116160528,0.994030727892473
ecg_db_patient_01-1,s0014lre,10,s0014lre.dat,8,10.5001312516406,2.14535873516861,163108.936576633,63898.6167193295,0.535521414384279,0.0588204145875036,0.994382913729995
ecg_db_patient_01-1,s0014lre,10,s0014lre.dat,9,9.33343703818931,3.06761412342824,166186.225622025,70832.7012428355,0.511474268752851,0.0574930450136547,0.994248550525663
ecg_db_patient_01-1,s0014lre,10,s0014lre.dat,10,9.00009000090001,4.32282467685362,172732.844758662,76131.5763379976,0.505782389287756,0.0580991125637682,0.993933878033424
ecg_db_patient_01-1,s0014lre,10,s0014lre.dat,11,7.63643305848235,5.45611865424755,156248.815844242,77309.426377848,0.535983073878572,0.0570988450572325,0.994486090275291
ecg_db_patient_01-1,s0014lre,11,s0014lre.dat,1,84.008400840084,4.87931268804234,341859.375484167,70352.6718981677,0.501359609452553,0.0512117724513817,0.994128767857698
ecg_db_patient_01-1,s0014lre,11,s0014lre.dat,2,45.0022501125056,5.26495776049344,368876.50198114,75979.5747633793,0.521343714748615,0.0522239188535641,0.993705235639451
ecg_db_patient_01-1,s0014lre,11,s0014lre.dat,3,28.0009333644455,3.06552375581023,346902.956281866,65157.0042584363,0.516994244562917,0.0520610739876087,0.994050806057038
ecg_db_patient_01-1,s0014lre,11,s0014lre.dat,4,22.5005625140628,41.20572882394,340335.769626053,56194.5198103586,0.511407525009258,0.0534104842843198,0.994208956439485
ecg_db_patient_01-1,s0014lre,11,s0014lre.dat,5,18.0003600072001,2.81772256256001,365496.568853176,70625.9952249712,0.52471291509031,0.0549682289121475,0.993684461163888
ecg_db_patient_01-1,s0014lre,11,s0014lre.dat,6,14.0002333372223,4.09345944848739,344093.674398867,61419.7412871533,0.516196601317104,0.0547158472678066,0.994130902444375
ecg_db_patient_01-1,s0014lre,11,s0014lre.dat,7,12.8573265332362,2.87180304813055,379372.846149294,70846.8896966357,0.526250169584299,0.0575503234645367,0.993777856039379
ecg_db_patient_01-1,s0014lre,11,s0014lre.dat,8,10.5001312516406,2.1061570302087,360459.868745573,63606.4526059871,0.537504625180985,0.0546985678807842,0.994126773983007
ecg_db_patient_01-1,s0014lre,11,s0014lre.dat,9,9.33343703818931,3.14805597317721,346307.055880536,68627.6645847159,0.5317629748189,0.0546725909491709,0.994017708273897
ecg_db_patient_01-1,s0014lre,11,s0014lre.dat,10,10.20010200102,164.34146362579,370425.514291931,70099.2638000943,0.531769047931152,0.05304581883431,0.993814026806217
ecg_db_patient_01-1,s0014lre,11,s0014lre.dat,11,9.81827107519159,190.789439681859,346863.646086297,71066.2074646521,0.548813033404758,0.0516302087313171,0.994289215486351
ecg_db_patient_01-1,s0014lre,12,s0014lre.dat,1,174.017401740174,46.07671312131,116858.309457342,12555.8784302259,0.540246936352727,0.0458500232821,0.998409971162926
ecg_db_patient_01-1,s0014lre,12,s0014lre.dat,2,87.0043502175109,42.0394120952252,123970.742951745,13855.1342551389,0.556939254539419,0.0481081816572023,0.998316165830118
ecg_db_patient_01-1,s0014lre,12,s0014lre.dat,3,58.0019333977799,44.7178100948886,117795.563461602,11749.6944542676,0.558194983500928,0.0484264339343673,0.998393971412495
ecg_db_patient_01-1,s0014lre,12,s0014lre.dat,4,43.5010875271882,41.7375904314858,116160.233958387,10638.1984381827,0.552713049345393,0.0507629758145086,0.998424883891673
ecg_db_patient_01-1,s0014lre,12,s0014lre.dat,5,34.8006960139203,54.707628381923,122240.509187011,12255.8706914407,0.566325410448644,0.0534967174780001,0.998323125002037
ecg_db_patient_01-1,s0014lre,12,s0014lre.dat,6,29.000483341389,46.4236729202614,117225.164884523,11146.0410134368,0.555344280768659,0.0525827902545996,0.998408183311789
ecg_db_patient_01-1,s0014lre,12,s0014lre.dat,7,24.8574979642566,49.5365291968233,128246.980463444,13096.0950979679,0.564202719895553,0.056190747551582,0.998302697870704
ecg_db_patient_01-1,s0014lre,12,s0014lre.dat,8,21.7502718783985,38.8610841644165,124933.699313703,11732.4867817713,0.582033072455171,0.0530230918661512,0.998391108260558
ecg_db_patient_01-1,s0014lre,12,s0014lre.dat,9,19.333548150535,50.9013986148943,117527.148965278,12227.1839846842,0.576985108927013,0.0533831164225251,0.998383101720355
ecg_db_patient_01-1,s0014lre,12,s0014lre.dat,10,17.40017400174,49.8223696598076,120391.367519722,12345.7713286309,0.595893895843288,0.0519472297649315,0.998389260922237
ecg_db_patient_01-1,s0014lre,12,s0014lre.dat,11,12.0001090919008,321.321223344224,124078.350406163,12633.8750010313,0.651680577986058,0.0472362880356549,0.998480346194856
ecg_db_patient_02,s0015lre,1,s0015lre.dat,1,90.00900090009,155.824852367601,176461.282086725,28599.363870721,0.697166251174897,0.0401478479170741,0.996664565217456
ecg_db_patient_02,s0015lre,1,s0015lre.dat,2,42.0021001050053,11.9486079008908,175784.506712759,26304.4866908954,0.650963830816077,0.0408230134091417,0.996511973047857
ecg_db_patient_02,s0015lre,1,s0015lre.dat,3,26.0008666955565,8.33212112395418,169858.047886621,27810.859944157,0.675339067870202,0.0394377437466093,0.996763262403771
ecg_db_patient_02,s0015lre,1,s0015lre.dat,4,19.5004875121878,9.54256810615501,178041.211675337,25159.5480234648,0.663534869966041,0.0402909375064056,0.996756354349281
ecg_db_patient_02,s0015lre,1,s0015lre.dat,5,15.6003120062401,5.54048460849479,180071.259181908,31677.902825276,0.689525934486628,0.0425754334931401,0.996657289198697
ecg_db_patient_02,s0015lre,1,s0015lre.dat,6,13.0002166702778,14.5498099539812,171730.185904516,22326.0480227369,0.708489324200127,0.0422169322240672,0.996906226601643
ecg_db_patient_02,s0015lre,1,s0015lre.dat,7,11.1430163288047,8.11657488592256,191122.314184119,32599.648439901,0.66507957376051,0.0451563109578459,0.996502510061366
ecg_db_patient_02,s0015lre,1,s0015lre.dat,8,9.75012187652346,6.14163634300329,171550.861536073,31533.9901973347,0.672923547748587,0.0430337379900519,0.996888059106342
ecg_db_patient_02,s0015lre,1,s0015lre.dat,9,8.66676296403293,26.0244640150903,185455.132332388,30119.6308915536,0.68452659070582,0.0476037551697123,0.996637932537724
ecg_db_patient_02,s0015lre,1,s0015lre.dat,10,7.80007800078001,20.8521127481271,179129.196463838,32525.5428311326,0.678383225602912,0.0486854176502755,0.996537613449945
ecg_db_patient_02,s0015lre,1,s0015lre.dat,11,7.09097355430504,9.7218903262252,176690.903556043,29777.0235742738,0.663889931875622,0.0414863587951166,0.996711948404816
ecg_db_patient_02,s0015lre,2,s0015lre.dat,1,162.016201620162,123.786422767355,146766.90605818,16510.2713956164,0.563916871639514,0.0383460049194157,0.997513554743355
ecg_db_patient_02,s0015lre,2,s0015lre.dat,2,81.0040502025101,132.991596032925,136836.377524924,15862.3717837021,0.49702631453797,0.0393805880284996,0.997314133182364
ecg_db_patient_02,s0015lre,2,s0015lre.dat,3,52.001733391113,137.840511703442,132775.011484677,21312.8776224844,0.528747579858771,0.0395538188999022,0.997428023850061
ecg_db_patient_02,s0015lre,2,s0015lre.dat,4,40.5010125253131,140.517242303624,137596.487492623,14794.9673734481,0.510655234381011,0.0393883814001577,0.997462091697378
ecg_db_patient_02,s0015lre,2,s0015lre.dat,5,30.0006000120002,150.918324201239,128598.646526498,17422.4435834657,0.52712424079169,0.041133774783677,0.997471060609017
ecg_db_patient_02,s0015lre,2,s0015lre.dat,6,26.0004333405557,141.916853591578,130944.099101579,12693.8603196582,0.538434554338131,0.0414692170625354,0.997554425882347
ecg_db_patient_02,s0015lre,2,s0015lre.dat,7,22.2860326576094,138.493658097883,159175.318020961,14294.0901591615,0.496251449262081,0.0425332922314634,0.997345303726896
ecg_db_patient_02,s0015lre,2,s0015lre.dat,8,19.5002437530469,141.192575347762,128429.809657214,19872.2955916147,0.51152639059868,0.0422707873321214,0.997585670632908
ecg_db_patient_02,s0015lre,2,s0015lre.dat,9,17.3335259280659,140.524885103434,150742.980913519,14764.4659638112,0.527273554789983,0.0435793240808754,0.997498653331865
ecg_db_patient_02,s0015lre,2,s0015lre.dat,10,15.60015600156,134.039695612904,136360.098733847,17054.9735918938,0.502686253015648,0.0416756451648258,0.997414292987241
ecg_db_patient_02,s0015lre,2,s0015lre.dat,11,14.7274066127874,126.183754897372,137438.406587164,16788.4323350937,0.513284296918495,0.0389500020342016,0.997544083252085
ecg_db_patient_02,s0015lre,3,s0015lre.dat,1,162.016201620162,120.987526375497,142662.324020279,3459.14293798951,0.714341793921892,0.0543461957831475,0.999031307002561
ecg_db_patient_02,s0015lre,3,s0015lre.dat,2,81.0040502025101,131.107519000481,137464.713138036,4251.16349067279,0.694281328845523,0.0568603152873766,0.99897358832539
ecg_db_patient_02,s0015lre,3,s0015lre.dat,3,52.001733391113,137.389616298564,144956.075302253,4606.17492280971,0.713000671193834,0.0551962854201315,0.998969908758847
ecg_db_patient_02,s0015lre,3,s0015lre.dat,4,40.5010125253131,138.222340396245,158159.227624222,4061.62416816203,0.691941255170519,0.0545351016728688,0.998948461323927
ecg_db_patient_02,s0015lre,3,s0015lre.dat,5,30.0006000120002,148.678794916999,138788.468153002,3566.67813230544,0.716436924402982,0.0593231085423273,0.999018364780271
ecg_db_patient_02,s0015lre,3,s0015lre.dat,6,25.0004166736112,144.490101712033,140342.99161887,4166.69356938542,0.72258915375373,0.0580272609303246,0.998995744684424
ecg_db_patient_02,s0015lre,3,s0015lre.dat,7,23.1431877598251,137.375963634893,150629.973114926,2796.75234010142,0.697925245592693,0.0578729655577888,0.998985410874886
ecg_db_patient_02,s0015lre,3,s0015lre.dat,8,18.7502343779297,142.43380740805,136908.249100057,3529.8470493856,0.696238134167283,0.0585263185629336,0.999008305276582
ecg_db_patient_02,s0015lre,3,s0015lre.dat,9,18.0002000022222,139.759287568084,147250.034006106,3192.1854952867,0.721316401902956,0.0597358957020937,0.999006172074116
ecg_db_patient_02,s0015lre,3,s0015lre.dat,10,15.60015600156,131.812998853173,143745.061145176,3437.97848461696,0.706893841024861,0.0582735798042654,0.998977627205036
ecg_db_patient_02,s0015lre,3,s0015lre.dat,11,14.7274066127874,125.984516753204,157742.552304344,3786.05140687847,0.702419968703755,0.0553063416223309,0.999006221446668
ecg_db_patient_02,s0015lre,4,s0015lre.dat,1,78.007800780078,20.5579373449476,261243.910844294,47058.5517928914,0.540193302075472,0.0462718481016805,0.99484155178032
ecg_db_patient_02,s0015lre,4,s0015lre.dat,2,42.0021001050053,12.0798624546424,247382.018111664,43526.9281607652,0.432316994205869,0.0467020326061491,0.994496436379506
ecg_db_patient_02,s0015lre,4,s0015lre.dat,3,26.0008666955565,8.45128643605464,228571.18720581,54445.3648631464,0.450770190240892,0.046292149803222,0.994823448612177
ecg_db_patient_02,s0015lre,4,s0015lre.dat,4,19.5004875121878,9.74057430949454,231027.924352274,40919.2165579393,0.451848680640843,0.0463055933506565,0.994879033256716
ecg_db_patient_02,s0015lre,4,s0015lre.dat,5,15.6003120062401,5.20198097464873,233771.383677183,50761.0063252631,0.456509070095736,0.0478023527997408,0.994797174669963
ecg_db_patient_02,s0015lre,4,s0015lre.dat,6,12.0002000033334,13.2294437456071,230513.811988997,34949.6186379463,0.457047269433914,0.0480611132463693,0.995072066693822
ecg_db_patient_02,s0015lre,4,s0015lre.dat,7,12.0001714310204,8.66543383736465,286942.185482832,46259.4633094965,0.439457552908979,0.0498072752315023,0.994537309195175
ecg_db_patient_02,s0015lre,4,s0015lre.dat,8,9.00011250140627,5.43055329509894,229026.123082925,55310.0823605958,0.451696180844241,0.048339631060382,0.995098252473602
ecg_db_patient_02,s0015lre,4,s0015lre.dat,9,8.66676296403293,21.3541565040627,270310.474464792,45075.9630956049,0.456358333086114,0.0519981475209899,0.994828689393762
ecg_db_patient_02,s0015lre,4,s0015lre.dat,10,8.40008400084001,23.6149670054113,243213.14609871,50765.6957394884,0.464070011347994,0.0508536668816728,0.994661291526303
ecg_db_patient_02,s0015lre,4,s0015lre.dat,11,7.09097355430504,9.6023197954737,229941.687543958,48069.9563439186,0.453420906571455,0.0466052200497227,0.994938846554894
ecg_db_patient_02,s0015lre,5,s0015lre.dat,1,120.01200120012,211.236432485868,188340.431609549,7646.33077179861,0.739820216399812,0.0502151625974978,0.998602213803262
ecg_db_patient_02,s0015lre,5,s0015lre.dat,2,51.0025501275064,207.142100983841,187660.556871592,8079.66702129426,0.734926554710182,0.0532504023414619,0.998591213951143
ecg_db_patient_02,s0015lre,5,s0015lre.dat,3,36.0012000400013,226.365643178829,198075.196835221,5617.65958223477,0.740924533274573,0.0521044578269323,0.998661362319468
ecg_db_patient_02,s0015lre,5,s0015lre.dat,4,24.0006000150004,207.76559594202,217595.080695615,7973.18803864909,0.726775885718899,0.0527508052795382,0.998597752217456
ecg_db_patient_02,s0015lre,5,s0015lre.dat,5,20.4004080081602,230.203062533929,197325.914434858,8686.65512764896,0.760601281056684,0.0557298177573863,0.998621292319992
ecg_db_patient_02,s0015lre,5,s0015lre.dat,6,19.0003166719445,230.101831677143,193485.66230115,8163.37486377337,0.765848318603591,0.0564089867416504,0.998684991554178
ecg_db_patient_02,s0015lre,5,s0015lre.dat,7,12.8573265332362,194.778375043574,198222.046686224,10176.1564642257,0.729823559156522,0.0556645068966775,0.998582091442194
ecg_db_patient_02,s0015lre,5,s0015lre.dat,8,15.0001875023438,227.999243355675,190296.697697636,6897.75541428073,0.729456876491145,0.053747425058999,0.998665048700496
ecg_db_patient_02,s0015lre,5,s0015lre.dat,9,11.3334592606585,218.171797749694,196249.446519485,9200.04043185884,0.759235010450251,0.0591575743274396,0.998566143901695
ecg_db_patient_02,s0015lre,5,s0015lre.dat,10,10.20010200102,222.980109352083,198625.902555013,9168.09140783399,0.753762093231394,0.0600175798178727,0.998535849508709
ecg_db_patient_02,s0015lre,5,s0015lre.dat,11,8.72735206683697,177.165566900676,216283.28621604,8493.0819779266,0.733695349919077,0.0518729922816677,0.998565416144243
ecg_db_patient_02,s0015lre,6,s0015lre.dat,1,162.016201620162,120.49649212896,133053.108080839,7619.32987246913,0.664498096945345,0.0384297306720153,0.998471940232078
ecg_db_patient_02,s0015lre,6,s0015lre.dat,2,81.0040502025101,131.006799588653,125254.950185254,7918.46375513476,0.627307602754076,0.0398260450661942,0.998345502631315
ecg_db_patient_02,s0015lre,6,s0015lre.dat,3,52.001733391113,136.848760803061,127648.462886681,10747.7888847234,0.650750465608809,0.0392662699254482,0.99837938964772
ecg_db_patient_02,s0015lre,6,s0015lre.dat,4,40.5010125253131,137.551741313811,136206.099241825,7379.74861607532,0.632662623153269,0.0392500318431867,0.99839032009234
ecg_db_patient_02,s0015lre,6,s0015lre.dat,5,30.0006000120002,148.590161961969,121299.072264342,7857.75961908498,0.652935533952165,0.0408393350376025,0.998439402342379
ecg_db_patient_02,s0015lre,6,s0015lre.dat,6,26.0004333405557,140.884018492754,124163.722615286,6621.97766982835,0.661499922010811,0.0410918399525488,0.998450004716955
ecg_db_patient_02,s0015lre,6,s0015lre.dat,7,23.1431877598251,136.864244923434,142171.001660614,5770.54707600783,0.63035467024,0.0411699216099905,0.998368608688172
ecg_db_patient_02,s0015lre,6,s0015lre.dat,8,19.5002437530469,139.622013546098,121087.234644794,9102.33188137305,0.636727529344199,0.0419456134743697,0.998475744061454
ecg_db_patient_02,s0015lre,6,s0015lre.dat,9,17.3335259280659,139.37638489596,136640.73486847,6447.82388641652,0.654782478054532,0.0430707857665978,0.998452867597026
ecg_db_patient_02,s0015lre,6,s0015lre.dat,10,15.60015600156,131.422448615143,127910.00335251,7524.08823985295,0.632968448170984,0.0424397363827201,0.998401415242681
ecg_db_patient_02,s0015lre,6,s0015lre.dat,11,14.7274066127874,125.387798449451,136069.77803696,7824.658425159,0.640922577168864,0.0398300109872329,0.998472433344371
ecg_db_patient_02,s0015lre,7,s0015lre.dat,1,78.007800780078,20.5003695458193,460758.180951034,52119.5815088914,0.578305594489896,0.0393185257904858,0.994201582108442
ecg_db_patient_02,s0015lre,7,s0015lre.dat,2,42.0021001050053,11.9416315511141,426246.076381632,49318.7256542728,0.525566899229033,0.0406437150179822,0.99399472560168
ecg_db_patient_02,s0015lre,7,s0015lre.dat,3,26.0008666955565,8.02411139232031,420487.103492584,64345.8573135089,0.562984481091522,0.0409368932825511,0.994327192013566
ecg_db_patient_02,s0015lre,7,s0015lre.dat,4,19.5004875121878,9.59955807063609,449505.014415903,44511.3746720267,0.534507241452845,0.0408151122380186,0.994275448901093
ecg_db_patient_02,s0015lre,7,s0015lre.dat,5,15.6003120062401,5.28863847976943,425075.243305058,50241.6068798898,0.555293485183304,0.0420211268523975,0.994207577024885
ecg_db_patient_02,s0015lre,7,s0015lre.dat,6,13.0002166702778,28.506644626802,425266.092640584,36704.3860889554,0.572803269378399,0.0422282861162303,0.994579889306948
ecg_db_patient_02,s0015lre,7,s0015lre.dat,7,12.0001714310204,8.5477542409748,543652.657282057,35324.9562055299,0.524226192073056,0.0422220187359859,0.994044048765176
ecg_db_patient_02,s0015lre,7,s0015lre.dat,8,9.00011250140627,5.40370243444228,428065.244769897,56759.5081640336,0.549602266676789,0.042370602541863,0.994561608896184
ecg_db_patient_02,s0015lre,7,s0015lre.dat,9,9.33343703818931,37.8967896617468,557141.339870556,42628.2849269748,0.553496330481448,0.0430164229767792,0.994320044581608
ecg_db_patient_02,s0015lre,7,s0015lre.dat,10,8.40008400084001,23.4982268834622,497150.040658411,48503.4729697839,0.549937918459147,0.0439608361358496,0.994052222783951
ecg_db_patient_02,s0015lre,7,s0015lre.dat,11,7.09097355430504,9.83346173516576,452811.607721192,49836.5503990961,0.533894889410486,0.0409413122538769,0.994302757384302
ecg_db_patient_02,s0015lre,8,s0015lre.dat,1,90.00900090009,176.137371464359,502376.454527054,40572.9833580683,0.596405720130484,0.0384594677635147,0.99475976682905
ecg_db_patient_02,s0015lre,8,s0015lre.dat,2,42.0021001050053,11.8435311782099,477128.897973276,39969.5849039713,0.561950975215257,0.0404567833004468,0.99459433026738
ecg_db_patient_02,s0015lre,8,s0015lre.dat,3,26.0008666955565,7.85233028527774,478972.651023901,50740.2632435122,0.599539117946259,0.040724434607858,0.994848826951197
ecg_db_patient_02,s0015lre,8,s0015lre.dat,4,19.5004875121878,9.32087913658299,520077.859426762,36394.0725384763,0.572267684885311,0.0403368117191154,0.994777388731231
ecg_db_patient_02,s0015lre,8,s0015lre.dat,5,15.6003120062401,5.21289194442418,492457.481530135,38895.7100143435,0.605489079946185,0.0421908371966586,0.994696820761114
ecg_db_patient_02,s0015lre,8,s0015lre.dat,6,13.0002166702778,28.985367259214,486459.590011316,31107.1243033808,0.604229971058792,0.0422091942146378,0.995045644823294
ecg_db_patient_02,s0015lre,8,s0015lre.dat,7,12.8573265332362,142.268667057696,619554.397295506,26062.8813705353,0.569004665006949,0.0416704435113842,0.994608204795564
ecg_db_patient_02,s0015lre,8,s0015lre.dat,8,9.75012187652346,16.6048094529773,494183.153102698,43054.3045445441,0.583857464305931,0.0422070775474985,0.994988170294178
ecg_db_patient_02,s0015lre,8,s0015lre.dat,9,10.0001111123457,163.911997294716,657936.829259759,32779.8377793461,0.588421712327541,0.0425503947210115,0.994797661210669
ecg_db_patient_02,s0015lre,8,s0015lre.dat,10,8.40008400084001,23.4520787991171,598802.695228681,36804.4814472911,0.593419193088057,0.0433396990019128,0.994592278819396
ecg_db_patient_02,s0015lre,8,s0015lre.dat,11,7.09097355430504,9.68441422017241,522204.922102265,38215.124323739,0.569910458563765,0.0406066901651789,0.994818663678326
ecg_db_patient_02,s0015lre,9,s0015lre.dat,1,126.012601260126,204.903468928536,909354.692950736,38894.3845595106,0.626596526564198,0.0317923300653708,0.993733553671546
ecg_db_patient_02,s0015lre,9,s0015lre.dat,2,78.0039001950098,150.989988630593,926685.608221979,47115.1176107514,0.607751999268842,0.0328367946997099,0.993405573850489
ecg_db_patient_02,s0015lre,9,s0015lre.dat,3,58.0019333977799,119.887176900556,910474.632826712,40514.5344174197,0.643636243811723,0.0325677139357931,0.993757778622529
ecg_db_patient_02,s0015lre,9,s0015lre.dat,4,45.0011250281257,146.107525018375,980038.109128386,43317.3979325296,0.627859796336348,0.0324393340883328,0.99368399547926
ecg_db_patient_02,s0015lre,9,s0015lre.dat,5,33.6006720134403,118.703909933996,939758.941794743,38649.4160591918,0.640701773821102,0.0325224782975625,0.993686891723323
ecg_db_patient_02,s0015lre,9,s0015lre.dat,6,29.000483341389,115.983823675965,920201.775485161,43994.3130359311,0.640308696633779,0.0341854244712756,0.993933139441382
ecg_db_patient_02,s0015lre,9,s0015lre.dat,7,24.0003428620409,146.389189736793,1155721.11767819,36141.9624557388,0.619805564874266,0.0348512275298051,0.993494569154004
ecg_db_patient_02,s0015lre,9,s0015lre.dat,8,21.7502718783985,117.361874234393,925127.356128549,31743.7454512362,0.633807912354522,0.0339473216910454,0.993951198544577
ecg_db_patient_02,s0015lre,9,s0015lre.dat,9,18.0002000022222,130.914041087449,1219290.89284044,36250.7611970152,0.635446961727055,0.0363114721079438,0.993691448641559
ecg_db_patient_02,s0015lre,9,s0015lre.dat,10,15.0001500015,156.071402276957,1233633.4952073,33960.2844873218,0.643854842446535,0.033122403577326,0.993569277720941
ecg_db_patient_02,s0015lre,9,s0015lre.dat,11,14.1819471086101,181.627595186782,959680.266812613,36152.6192681433,0.619465045566786,0.0323364777545974,0.993783211728629
ecg_db_patient_02,s0015lre,10,s0015lre.dat,1,96.009600960096,202.565568455771,947494.789736091,49130.3267301552,0.62077091641521,0.0374369960715021,0.992865302959259
ecg_db_patient_02,s0015lre,10,s0015lre.dat,2,75.0037501875094,125.708016589168,979731.564554296,62941.1297274109,0.591916880208133,0.0384484402525245,0.992310027019556
ecg_db_patient_02,s0015lre,10,s0015lre.dat,3,52.001733391113,101.535018589647,955965.476373618,38161.9944601621,0.629213790413103,0.0383886585755768,0.992763267918046
ecg_db_patient_02,s0015lre,10,s0015lre.dat,4,36.0009000225006,128.296608539921,1023134.21087579,59234.4515407481,0.617645062883585,0.0373861352367466,0.992778588692752
ecg_db_patient_02,s0015lre,10,s0015lre.dat,5,24.0004800096002,213.303917928173,962985.404317858,52029.3077938455,0.629374519713738,0.0377871215494813,0.99295633409513
ecg_db_patient_02,s0015lre,10,s0015lre.dat,6,24.0004000066668,99.3165976122059,939257.299548228,62231.926147894,0.627873591921615,0.0393236090357616,0.993080607944695
ecg_db_patient_02,s0015lre,10,s0015lre.dat,7,21.4288775553937,126.168595509158,1117894.03811813,66272.0297022748,0.606844744486605,0.0419858627157981,0.992499030757011
ecg_db_patient_02,s0015lre,10,s0015lre.dat,8,19.5002437530469,98.5392138524895,939936.246187756,35404.0451725698,0.620738312970615,0.0389546205722108,0.993170062169617
ecg_db_patient_02,s0015lre,10,s0015lre.dat,9,15.3335037055967,135.546616635699,1152064.28015989,54852.0224625495,0.621164307847559,0.0435209883475668,0.992828211243716
ecg_db_patient_02,s0015lre,10,s0015lre.dat,10,15.0001500015,98.4595480829344,1275595.62690695,48208.0637907573,0.633438788785386,0.0390523530438167,0.992660411158227
ecg_db_patient_02,s0015lre,10,s0015lre.dat,11,13.6364876044328,107.702278513973,987812.269772122,47002.82254216,0.609140370533398,0.0382265090511159,0.992942362054395
ecg_db_patient_02,s0015lre,11,s0015lre.dat,1,90.00900090009,156.686359918837,451402.816594443,36978.2800607054,0.605743317178956,0.0423679713623762,0.994923061786929
ecg_db_patient_02,s0015lre,11,s0015lre.dat,2,42.0021001050053,11.8505652791711,465977.690153701,44560.1994474454,0.571315898501061,0.0437306851694788,0.994447037242855
ecg_db_patient_02,s0015lre,11,s0015lre.dat,3,26.0008666955565,7.8291413670628,458732.129679933,24312.874535081,0.607941651774978,0.0438322336789123,0.99477142930066
ecg_db_patient_02,s0015lre,11,s0015lre.dat,4,19.5004875121878,9.34036531632588,484356.427761903,43920.1118934648,0.600944895723531,0.0425779419669276,0.994841270892481
ecg_db_patient_02,s0015lre,11,s0015lre.dat,5,15.6003120062401,5.40762648880492,456298.71694718,41495.6634545531,0.596609027749329,0.0432892418474168,0.994982622380085
ecg_db_patient_02,s0015lre,11,s0015lre.dat,6,13.0002166702778,14.4040713941326,444242.385655183,46457.1550400428,0.60467004894466,0.0444597083402144,0.995040135569484
ecg_db_patient_02,s0015lre,11,s0015lre.dat,7,11.1430163288047,7.88938681029291,490020.771812192,60354.894368181,0.593647535334079,0.0488659458003432,0.994598152507245
ecg_db_patient_02,s0015lre,11,s0015lre.dat,8,9.75012187652346,5.45782729553411,439919.971493328,29289.7849576564,0.603875226512681,0.0443997106175393,0.995128001455277
ecg_db_patient_02,s0015lre,11,s0015lre.dat,9,8.66676296403293,26.0209705639683,496569.9209352,46562.1419470228,0.600259716923542,0.0500298771484768,0.994839755278213
ecg_db_patient_02,s0015lre,11,s0015lre.dat,10,7.80007800078001,20.7778655537496,586938.435574038,42978.0668396546,0.611458329130021,0.0453522725604401,0.994725600265038
ecg_db_patient_02,s0015lre,11,s0015lre.dat,11,7.09097355430504,9.72189032622519,464121.426272548,36729.3098970806,0.58619333272527,0.0434827735349926,0.994964879112645
ecg_db_patient_02,s0015lre,12,s0015lre.dat,1,84.008400840084,37.9439532698372,255379.2040815,48303.7304749013,0.557029397195932,0.0399857407408476,0.994785217268338
ecg_db_patient_02,s0015lre,12,s0015lre.dat,2,42.0021001050053,11.9695125535349,264110.314484944,44446.6914738594,0.47089400590497,0.0401947956293039,0.99430142727429
ecg_db_patient_02,s0015lre,12,s0015lre.dat,3,26.0008666955565,8.18118684432857,250992.44197635,52701.0149630077,0.485838892467163,0.0404960805463928,0.994659971394359
ecg_db_patient_02,s0015lre,12,s0015lre.dat,4,19.5004875121878,9.7405743094947,246672.167027683,40890.9227523063,0.491846402868456,0.0395921157242523,0.994835105973351
ecg_db_patient_02,s0015lre,12,s0015lre.dat,5,15.6003120062401,5.41252755609185,248426.713842046,51884.7286572651,0.491967810117761,0.039157538723071,0.994819870682778
ecg_db_patient_02,s0015lre,12,s0015lre.dat,6,13.0002166702778,14.4934677030933,266768.669200686,39521.749294069,0.517187221257605,0.0401311432021732,0.994907605781999
ecg_db_patient_02,s0015lre,12,s0015lre.dat,7,11.1430163288047,8.28287755590172,314043.33205688,57826.1293066245,0.496716188892081,0.0448998386664828,0.994462334799853
ecg_db_patient_02,s0015lre,12,s0015lre.dat,8,9.75012187652346,5.99178730860121,261005.954795142,58370.6653404705,0.514275174984411,0.0411940544355905,0.994948728447075
ecg_db_patient_02,s0015lre,12,s0015lre.dat,9,8.66676296403293,26.066348909169,294787.106253698,50535.2499671161,0.506867927193088,0.0468052119969561,0.994742446344
ecg_db_patient_02,s0015lre,12,s0015lre.dat,10,7.80007800078001,20.9564844958366,256455.488043126,58807.639650037,0.52068970771847,0.0444152550475512,0.994562727848462
ecg_db_patient_02,s0015lre,12,s0015lre.dat,11,7.09097355430504,9.83346173516576,239664.874245356,49334.1960492063,0.48615738351027,0.0407363544131713,0.994898631715479
ecg_db_patient_03,s0017lre,1,s0017lre.dat,1,150.01500150015,149.534252777159,118959.757042555,13207.7615639467,0.606870325833359,0.0358091001082273,0.997911700956987
ecg_db_patient_03,s0017lre,1,s0017lre.dat,2,75.0037501875094,141.572739535937,102951.714074196,15276.1219659887,0.462416524682868,0.0380939440039045,0.998111995789418
ecg_db_patient_03,s0017lre,1,s0017lre.dat,3,48.0016000533351,177.18414529487,131353.641768178,14157.7130009269,0.48823293434343,0.0361082211921573,0.9981248669463
ecg_db_patient_03,s0017lre,1,s0017lre.dat,4,34.500862521563,174.723857577969,102776.151752797,13726.0354121012,0.523654328782609,0.0343156383313797,0.998066435991398
ecg_db_patient_03,s0017lre,1,s0017lre.dat,5,28.8005760115202,169.330464843485,106697.304812428,13646.2745461388,0.538440169497142,0.0352123041611677,0.998109548834878
ecg_db_patient_03,s0017lre,1,s0017lre.dat,6,24.0004000066668,164.729506393602,103928.799035003,22360.2311307636,0.525272445574079,0.0362793862143852,0.998059312731942
ecg_db_patient_03,s0017lre,1,s0017lre.dat,7,19.7145673509622,167.563188313908,103218.108110486,12174.1468944273,0.57047916065276,0.0379711861681116,0.99821251726291
ecg_db_patient_03,s0017lre,1,s0017lre.dat,8,18.7502343779297,159.200988408191,125156.264723893,15068.2858880954,0.534097339812789,0.0431928903173634,0.997995628692581
ecg_db_patient_03,s0017lre,1,s0017lre.dat,9,16.0001777797531,162.304354708407,112660.732141992,15354.1587562006,0.536225841326769,0.0380024107837887,0.99812439452362
ecg_db_patient_03,s0017lre,1,s0017lre.dat,10,14.40014400144,156.575203868311,134109.647704062,14621.7205481488,0.550088534294311,0.0384566444063987,0.997967438968643
ecg_db_patient_03,s0017lre,1,s0017lre.dat,11,13.6364876044328,157.837538012341,103819.847812529,9311.50713921192,0.537080370194887,0.0349079092827847,0.998106531108454
ecg_db_patient_03,s0017lre,2,s0017lre.dat,1,114.011401140114,251.394125897857,88633.9715898691,5312.85701955423,0.705796670824321,0.0487642913557216,0.999058258938102
ecg_db_patient_03,s0017lre,2,s0017lre.dat,2,57.0028501425071,233.973854748522,100626.019451718,5390.28683852644,0.667667760187631,0.0450114730148431,0.999083599700977
ecg_db_patient_03,s0017lre,2,s0017lre.dat,3,32.0010667022234,271.374139905636,97334.2807542845,4432.22626207295,0.670984159366893,0.0461869110708083,0.99916423058462
ecg_db_patient_03,s0017lre,2,s0017lre.dat,4,19.5004875121878,187.074284386678,85357.0445700206,4595.4705083492,0.694004155974064,0.0453282827825403,0.999135934966012
ecg_db_patient_03,s0017lre,2,s0017lre.dat,5,19.2003840076801,256.470958162815,95652.7387252765,4613.6113460366,0.671527755994561,0.0476687560308933,0.999145619202178
ecg_db_patient_03,s0017lre,2,s0017lre.dat,6,13.0002166702778,181.978936510062,90519.8506022905,6000.37574499835,0.692087653987687,0.0454505956971616,0.999134154178126
ecg_db_patient_03,s0017lre,2,s0017lre.dat,7,11.1430163288047,244.419953433355,82597.3224359683,4256.38637640326,0.689032805184185,0.0503048153086278,0.999193896073497
ecg_db_patient_03,s0017lre,2,s0017lre.dat,8,16.5002062525782,244.07340816121,96896.2689273407,5028.22773717124,0.668390526415113,0.0496867670718271,0.999080606148549
ecg_db_patient_03,s0017lre,2,s0017lre.dat,9,13.3334814831276,247.820381567917,94071.9935876878,5283.98781871358,0.694485606222152,0.0462532761498062,0.999121727132467
ecg_db_patient_03,s0017lre,2,s0017lre.dat,10,12.0001200012,251.201300886861,101951.284589688,5175.4263322684,0.662012652053753,0.0503434712317793,0.999093120742551
ecg_db_patient_03,s0017lre,2,s0017lre.dat,11,11.4546495877235,243.269284408949,95902.1596294461,4569.6251946153,0.688317774322571,0.0494246464621811,0.999094570144124
ecg_db_patient_03,s0017lre,3,s0017lre.dat,1,150.01500150015,154.219845900471,424848.09118146,7469.7406500806,0.690115845215573,0.0313854298827485,0.997765404148676
ecg_db_patient_03,s0017lre,3,s0017lre.dat,2,75.0037501875094,153.425045430065,460186.543560229,7905.98701664558,0.689332800652443,0.0256345835572489,0.997988115387495
ecg_db_patient_03,s0017lre,3,s0017lre.dat,3,30.0010000333344,253.417086598792,413196.988652721,8357.67943420002,0.695289467177057,0.0264318354592194,0.997975850579803
ecg_db_patient_03,s0017lre,3,s0017lre.dat,4,18.0004500112503,5.08831102537086,398590.057238779,7909.51167755894,0.700902227489747,0.0279215112681472,0.997946514003457
ecg_db_patient_03,s0017lre,3,s0017lre.dat,5,14.4002880057601,9.78031417974625,467027.192860416,8048.98141749379,0.687023595701123,0.0268778628403503,0.997959812309561
ecg_db_patient_03,s0017lre,3,s0017lre.dat,6,12.0002000033334,6.04678727620173,415595.241253926,12067.0555984948,0.696408139919913,0.0266459807727844,0.997907961236581
ecg_db_patient_03,s0017lre,3,s0017lre.dat,7,9.42870612437321,12.2333787465097,407971.855368776,6778.59790900308,0.704972458271339,0.0285604510825664,0.998037027563148
ecg_db_patient_03,s0017lre,3,s0017lre.dat,8,15.0001875023438,226.845517674229,429593.839823075,7899.61263887307,0.692890521002005,0.0287225108089922,0.997852491423331
ecg_db_patient_03,s0017lre,3,s0017lre.dat,9,15.3335037055967,190.973066481146,420851.698963639,9007.32791916071,0.698025994974602,0.0306700848546186,0.997894065891816
ecg_db_patient_03,s0017lre,3,s0017lre.dat,10,13.80013800138,197.343702196287,417027.228365832,8441.34861801364,0.678279388680026,0.0320732774039167,0.997760240252774
ecg_db_patient_03,s0017lre,3,s0017lre.dat,11,12.0001090919008,193.023400999292,452247.809601514,5035.38354386485,0.693318546491036,0.0324493005803076,0.997852969047126
ecg_db_patient_03,s0017lre,4,s0017lre.dat,1,156.015601560156,160.91267818292,101095.315997726,14736.6226399946,0.632959806867328,0.0543613066251475,0.997899762582865
ecg_db_patient_03,s0017lre,4,s0017lre.dat,2,78.0039001950098,125.927717361985,94663.3656379778,16342.4446200041,0.552183180895228,0.0535451582019536,0.998033469691595
ecg_db_patient_03,s0017lre,4,s0017lre.dat,3,54.001800060002,135.692463369874,124829.18810533,14235.5961010561,0.581371227144719,0.053470744738772,0.998129729323656
ecg_db_patient_03,s0017lre,4,s0017lre.dat,4,40.5010125253131,125.263316503829,90450.4067302552,14199.7188292866,0.576660951801616,0.0517080403708527,0.998062531014433
ecg_db_patient_03,s0017lre,4,s0017lre.dat,5,33.6006720134403,124.205073507085,89971.0857910321,14122.3701522084,0.593305405390003,0.0515222650013038,0.9981057598412
ecg_db_patient_03,s0017lre,4,s0017lre.dat,6,27.0004500075001,147.850470200339,93362.2487273501,21596.4925087981,0.597860655819861,0.0529158583586253,0.998066514626071
ecg_db_patient_03,s0017lre,4,s0017lre.dat,7,24.0003428620409,132.21522641839,85027.6154633618,12860.7042653369,0.619288819055895,0.0591085335109321,0.998217469230573
ecg_db_patient_03,s0017lre,4,s0017lre.dat,8,19.5002437530469,126.912528932332,115525.469443938,15756.2811807357,0.585681286464126,0.0607196985699159,0.9979716212586
ecg_db_patient_03,s0017lre,4,s0017lre.dat,9,20.0002222246914,116.486251540813,103529.592709217,16012.8283072493,0.577897786499946,0.0549175684629576,0.998106979089921
ecg_db_patient_03,s0017lre,4,s0017lre.dat,10,17.40017400174,116.769478508346,131103.19010515,15451.9413748068,0.586787510837268,0.0570652106585324,0.997982838109614
ecg_db_patient_03,s0017lre,4,s0017lre.dat,11,13.6364876044328,122.125017615296,91363.8782200784,11408.8893796197,0.595068775694863,0.0532134138704618,0.998071072451936
ecg_db_patient_03,s0017lre,5,s0017lre.dat,1,150.01500150015,147.749862061291,278650.885039952,12299.0916583688,0.660155992267969,0.0286512567449583,0.997550244379911
ecg_db_patient_03,s0017lre,5,s0017lre.dat,2,75.0037501875094,138.647968098963,275808.970968706,14293.1963275093,0.638161971171447,0.0281212754937443,0.99782645404294
ecg_db_patient_03,s0017lre,5,s0017lre.dat,3,48.0016000533351,175.402326907556,278471.296325083,14194.4205790232,0.629275527329554,0.0260485612314173,0.997782580590593
ecg_db_patient_03,s0017lre,5,s0017lre.dat,4,34.500862521563,171.653834682011,252332.380788729,13461.0735632056,0.644291600249236,0.026479413251102,0.99773269213634
ecg_db_patient_03,s0017lre,5,s0017lre.dat,5,28.8005760115202,166.303938618423,286281.149262941,13464.4218101158,0.631288695227147,0.0258056812301293,0.99776900726402
ecg_db_patient_03,s0017lre,5,s0017lre.dat,6,24.0004000066668,161.27460439795,259395.029194827,22479.3544726862,0.628205721158578,0.0270153527935279,0.997702771037877
ecg_db_patient_03,s0017lre,5,s0017lre.dat,7,19.7145673509622,163.627811224317,259368.989403435,11692.9921350007,0.647019742218481,0.0284564257396513,0.997869880053723
ecg_db_patient_03,s0017lre,5,s0017lre.dat,8,18.7502343779297,157.53564123991,282411.536841735,14371.182551829,0.649858952886264,0.0308232290564495,0.997654742276423
ecg_db_patient_03,s0017lre,5,s0017lre.dat,9,16.0001777797531,159.87864716147,268210.148052562,15060.9481848538,0.649459602440668,0.0298554246170626,0.997762611863043
ecg_db_patient_03,s0017lre,5,s0017lre.dat,10,14.40014400144,153.813037785766,280242.712691048,14171.4371819636,0.63107678731782,0.0304679079710606,0.997572431719006
ecg_db_patient_03,s0017lre,5,s0017lre.dat,11,13.6364876044328,153.995670934824,275244.805735472,7986.59329822531,0.644629321205303,0.0286350504789284,0.997746000264012
ecg_db_patient_03,s0017lre,6,s0017lre.dat,1,150.01500150015,166.444467825053,206138.517817855,3706.79276434224,0.701483732017522,0.0383625256008015,0.998927643608248
ecg_db_patient_03,s0017lre,6,s0017lre.dat,2,75.0037501875094,158.125890041603,236036.906530971,3297.14891201487,0.688280988321233,0.0327755258467715,0.998973950100324
ecg_db_patient_03,s0017lre,6,s0017lre.dat,3,36.0012000400013,250.896114545677,205823.788966471,2927.34372867605,0.698162415485224,0.0352983060354686,0.999038574223377
ecg_db_patient_03,s0017lre,6,s0017lre.dat,4,27.0006750168754,247.867270577479,198591.905199781,3043.77980593767,0.712556813071809,0.0355377586138934,0.999020147715946
ecg_db_patient_03,s0017lre,6,s0017lre.dat,5,20.4004080081602,247.828090619284,232918.895723407,3139.147778514,0.70055733386598,0.0356424171945785,0.999017128460981
ecg_db_patient_03,s0017lre,6,s0017lre.dat,6,15.0002500041667,248.138298907314,209575.574954119,3249.53594621949,0.711850431809599,0.034216942683284,0.999002805520235
ecg_db_patient_03,s0017lre,6,s0017lre.dat,7,12.0001714310204,254.514117285144,199701.975052187,2774.1524476017,0.713107253143508,0.0372365690916235,0.999060130519988
ecg_db_patient_03,s0017lre,6,s0017lre.dat,8,18.7502343779297,175.326692991576,213570.120536169,3024.59324160338,0.691732902628921,0.034933011416858,0.998952488211489
ecg_db_patient_03,s0017lre,6,s0017lre.dat,9,16.0001777797531,177.877628140487,211899.847039471,3596.82698965608,0.703553125479718,0.0356100219044852,0.998962432197177
ecg_db_patient_03,s0017lre,6,s0017lre.dat,10,15.0001500015,165.213646267624,210725.659948637,3506.12456931247,0.68129553488701,0.0388533990654967,0.998937221524284
ecg_db_patient_03,s0017lre,6,s0017lre.dat,11,13.0910281002555,175.336469310739,228633.218181758,3291.49097133922,0.69979148174714,0.0415414301031915,0.998929265122492
ecg_db_patient_03,s0017lre,7,s0017lre.dat,1,144.014401440144,159.074584142653,300322.642247972,3789.73833300915,0.69601976874556,0.0167575942894624,0.99879117299225
ecg_db_patient_03,s0017lre,7,s0017lre.dat,2,78.0039001950098,131.101080595598,313477.559990392,3566.47414102205,0.685672416746344,0.0186848760962377,0.998825501942026
ecg_db_patient_03,s0017lre,7,s0017lre.dat,3,46.0015333844461,167.206310336812,282023.272620372,3419.2572863482,0.687103758823293,0.0189263052108853,0.998867993897376
ecg_db_patient_03,s0017lre,7,s0017lre.dat,4,31.500787519688,204.645418635309,294744.916267245,3805.90628784313,0.708779583183957,0.0175862164591188,0.99885549745783
ecg_db_patient_03,s0017lre,7,s0017lre.dat,5,26.4005280105602,181.214763405718,325385.074638765,3627.323074568,0.701345632246913,0.0173111811047342,0.998851788967899
ecg_db_patient_03,s0017lre,7,s0017lre.dat,6,20.000333338889,209.812182789236,296947.831911379,3466.24771695682,0.709168930139356,0.0183085727897983,0.998829019871154
ecg_db_patient_03,s0017lre,7,s0017lre.dat,7,18.0002571465307,205.742531999789,286195.445728848,3386.16115033331,0.705348370393041,0.0179678174173588,0.998897463369126
ecg_db_patient_03,s0017lre,7,s0017lre.dat,8,18.0002250028125,150.822868124854,292873.074316147,3622.21053738073,0.706804316455846,0.0199982047385256,0.998819769745947
ecg_db_patient_03,s0017lre,7,s0017lre.dat,9,16.0001777797531,152.234632719397,314706.039301396,3597.24194000019,0.711092033548906,0.0180670162258573,0.998841777911713
ecg_db_patient_03,s0017lre,7,s0017lre.dat,10,14.40014400144,143.491733108064,312034.764174397,3521.02554742822,0.692586740282417,0.0169618012817763,0.998794083268949
ecg_db_patient_03,s0017lre,7,s0017lre.dat,11,13.6364876044328,144.801056676023,302165.393277521,3345.59125994923,0.684396391461019,0.0175311082073518,0.998870830252476
ecg_db_patient_03,s0017lre,8,s0017lre.dat,1,150.01500150015,149.984709365583,450605.06677852,9949.69907725567,0.690521216532123,0.0136154796831648,0.997651460825043
ecg_db_patient_03,s0017lre,8,s0017lre.dat,2,75.0037501875094,140.598797075688,469003.867111241,12170.1346776259,0.679672795534459,0.0138690834514775,0.997788872530686
ecg_db_patient_03,s0017lre,8,s0017lre.dat,3,48.0016000533351,177.943455956623,446000.502067504,12122.1773917051,0.691101965368606,0.0128901820727049,0.997751208729685
ecg_db_patient_03,s0017lre,8,s0017lre.dat,4,34.500862521563,174.720457002716,442061.46825408,13604.205185523,0.70587263335291,0.0131596289593391,0.997738921139536
ecg_db_patient_03,s0017lre,8,s0017lre.dat,5,28.8005760115202,170.424058406654,495050.936023488,12502.2270303551,0.690301643716433,0.0132872659211948,0.997725433015111
ecg_db_patient_03,s0017lre,8,s0017lre.dat,6,24.0004000066668,163.810009973716,448844.676123072,17477.6091061161,0.702699589423149,0.0142727665893231,0.997656475760379
ecg_db_patient_03,s0017lre,8,s0017lre.dat,7,19.7145673509622,166.076730818861,439016.863900642,10808.1003830322,0.700385999926502,0.0138794928952575,0.997823642315323
ecg_db_patient_03,s0017lre,8,s0017lre.dat,8,18.7502343779297,161.299343646741,452424.126871462,14046.8256321196,0.696512623446143,0.0164346490414051,0.997666598918294
ecg_db_patient_03,s0017lre,8,s0017lre.dat,9,16.0001777797531,163.004716340992,462741.328889036,12355.2999353088,0.69692742576133,0.0149003848922462,0.997763272272186
ecg_db_patient_03,s0017lre,8,s0017lre.dat,10,14.40014400144,154.628715074826,453028.316657232,10424.372598297,0.682649583626521,0.0162060104687489,0.997562620510556
ecg_db_patient_03,s0017lre,8,s0017lre.dat,11,13.6364876044328,155.523985754376,459543.457200514,5391.73257030331,0.681767782355543,0.013515303207262,0.997830442987753
ecg_db_patient_03,s0017lre,9,s0017lre.dat,1,150.01500150015,154.673422906533,524972.755217244,28363.3467020746,0.637164934947314,0.0220445697385035,0.995554415774281
ecg_db_patient_03,s0017lre,9,s0017lre.dat,2,75.0037501875094,145.455880058107,552701.691750548,35568.9756355062,0.631243570936384,0.0235926907255189,0.995814532854191
ecg_db_patient_03,s0017lre,9,s0017lre.dat,3,48.0016000533351,182.388099864909,554410.399356971,33606.7028715582,0.644209560222992,0.0219564479999642,0.995862804428097
ecg_db_patient_03,s0017lre,9,s0017lre.dat,4,34.500862521563,178.746022872233,502344.592028662,34918.7526915762,0.649605081558889,0.0212331022636978,0.995817146357212
ecg_db_patient_03,s0017lre,9,s0017lre.dat,5,28.8005760115202,174.621883999519,562312.451066088,34160.2256828834,0.630365311617307,0.0212124531286483,0.995781881091928
ecg_db_patient_03,s0017lre,9,s0017lre.dat,6,24.0004000066668,167.832285003,510227.848519189,50628.3417389792,0.641910767250485,0.0219471831450255,0.995687035789429
ecg_db_patient_03,s0017lre,9,s0017lre.dat,7,19.7145673509622,170.311072663704,500577.192260859,29688.2937418772,0.643809868957295,0.0226309143793362,0.99598915160506
ecg_db_patient_03,s0017lre,9,s0017lre.dat,8,18.7502343779297,166.005756622727,566107.111937306,39329.4192905613,0.650312528161625,0.0278256782981832,0.995594478605278
ecg_db_patient_03,s0017lre,9,s0017lre.dat,9,16.0001777797531,167.553365930925,532273.421422843,34765.3961817952,0.645279967906806,0.0237077753942221,0.995868745675794
ecg_db_patient_03,s0017lre,9,s0017lre.dat,10,14.40014400144,159.265321673449,549609.233800816,30491.1612668992,0.630690289698766,0.0259090666428603,0.99550323044296
ecg_db_patient_03,s0017lre,9,s0017lre.dat,11,13.6364876044328,160.980059976833,531685.833016468,16747.9482612077,0.639249490360167,0.0215591465794993,0.995881004131312
ecg_db_patient_03,s0017lre,10,s0017lre.dat,1,150.01500150015,154.253173927367,1019519.95707642,119363.159933951,0.518453638669225,0.0291543890115629,0.988774044392507
ecg_db_patient_03,s0017lre,10,s0017lre.dat,2,75.0037501875094,144.52959678843,1034978.92203415,143770.141770547,0.510632113367041,0.0320464563399007,0.989561517279523
ecg_db_patient_03,s0017lre,10,s0017lre.dat,3,48.0016000533351,182.125233810458,1251772.49757144,131014.081237918,0.532182726976737,0.0311277257068181,0.990000842944033
ecg_db_patient_03,s0017lre,10,s0017lre.dat,4,34.500862521563,178.706196764144,920306.391697812,130836.739824077,0.528038093391273,0.0282457997984925,0.989851081270241
ecg_db_patient_03,s0017lre,10,s0017lre.dat,5,28.8005760115202,174.618760339348,989302.354132832,128288.774007473,0.517887251370272,0.0286108786673016,0.989797666555679
ecg_db_patient_03,s0017lre,10,s0017lre.dat,6,24.0004000066668,167.433356454904,927474.181371253,199290.137001573,0.517911390296908,0.0287458882929587,0.989795878115581
ecg_db_patient_03,s0017lre,10,s0017lre.dat,7,19.7145673509622,170.366100574933,901877.357802902,113032.156196511,0.522735930963183,0.0308862722839153,0.990377888329964
ecg_db_patient_03,s0017lre,10,s0017lre.dat,8,18.7502343779297,165.622934769733,1244396.90048849,154841.247023444,0.536020334868551,0.0380454193298672,0.98917152462894
ecg_db_patient_03,s0017lre,10,s0017lre.dat,9,16.0001777797531,167.69431534554,1030392.877489,138348.065036634,0.518255001937542,0.0312460401778276,0.990043949037031
ecg_db_patient_03,s0017lre,10,s0017lre.dat,10,14.40014400144,158.955931447343,1234693.68669516,126874.353753362,0.510941799730033,0.0330181971607917,0.989316037464023
ecg_db_patient_03,s0017lre,10,s0017lre.dat,11,13.6364876044328,160.352052675048,991873.913391158,88531.0893556806,0.527645708229817,0.028406840227176,0.989466246700498
ecg_db_patient_03,s0017lre,11,s0017lre.dat,1,90.00900090009,208.801564665099,568530.20019224,84077.2928746571,0.45921159953798,0.0394345527906526,0.99150989723376
ecg_db_patient_03,s0017lre,11,s0017lre.dat,2,42.0021001050053,163.880467696146,550976.537549126,95843.9981831238,0.438079906712592,0.0416274339715637,0.99216300014484
ecg_db_patient_03,s0017lre,11,s0017lre.dat,3,24.0008000266676,12.6239310978647,727818.865484215,86909.9963663857,0.454075182696523,0.0435165763304512,0.992481177792494
ecg_db_patient_03,s0017lre,11,s0017lre.dat,4,18.0004500112503,5.77927331071996,509722.540426572,85369.351129984,0.453278609267044,0.0388663948030302,0.992335263498675
ecg_db_patient_03,s0017lre,11,s0017lre.dat,5,14.4002880057601,9.40599422032192,521115.569150427,82705.9059890149,0.452778003453803,0.0395018891791979,0.992334866468698
ecg_db_patient_03,s0017lre,11,s0017lre.dat,6,13.0002166702778,177.358458290753,510659.857207873,133592.486302841,0.445698982500405,0.0396008458740667,0.99239347864316
ecg_db_patient_03,s0017lre,11,s0017lre.dat,7,10.285861226589,189.114972245121,486364.193907191,74147.5185915858,0.449020914536975,0.0428885887839934,0.992847365313253
ecg_db_patient_03,s0017lre,11,s0017lre.dat,8,10.5001312516406,170.800303248395,715365.9203165,96015.30029791,0.464299293532093,0.0490026527012696,0.991853011286395
ecg_db_patient_03,s0017lre,11,s0017lre.dat,9,8.00008888987655,7.35465220733855,590078.742142341,94828.7592796005,0.450598921353067,0.042416977184842,0.992550905205328
ecg_db_patient_03,s0017lre,11,s0017lre.dat,10,7.20007200072001,10.4524899165006,780219.836626299,90270.7203115313,0.446972048531138,0.0434026144453169,0.992046000470245
ecg_db_patient_03,s0017lre,11,s0017lre.dat,11,8.72735206683697,247.727903728495,540030.414788405,69400.4936694486,0.462731553678366,0.0389167643948799,0.992038523225889
ecg_db_patient_03,s0017lre,12,s0017lre.dat,1,78.007800780078,9.17960519386068,231638.955339941,32902.5970842896,0.542375867829024,0.0493115755653148,0.995957735667091
ecg_db_patient_03,s0017lre,12,s0017lre.dat,2,36.0018000900045,16.4824976042081,224423.396401931,34915.3053899078,0.537130147696699,0.0496676500969027,0.996243335415821
ecg_db_patient_03,s0017lre,12,s0017lre.dat,3,24.0008000266676,12.4747016725123,287608.381652998,30881.0476126438,0.519479132949954,0.0525494280378038,0.996431749523168
ecg_db_patient_03,s0017lre,12,s0017lre.dat,4,18.0004500112503,5.77927331072009,212400.14098417,30392.4296617133,0.534209714740374,0.0472287182330296,0.996354726396273
ecg_db_patient_03,s0017lre,12,s0017lre.dat,5,14.4002880057601,9.40599422032168,215528.834629267,29385.1840256874,0.549208002639364,0.0470776413097741,0.996373130875551
ecg_db_patient_03,s0017lre,12,s0017lre.dat,6,12.0002000033334,5.41882241484592,213330.457630871,45362.8059208092,0.541777594058807,0.0478989378423747,0.996405125751254
ecg_db_patient_03,s0017lre,12,s0017lre.dat,7,9.42870612437321,12.0871832947135,199761.583258859,26604.6122543273,0.550078899458708,0.0525645632935087,0.996651145645322
ecg_db_patient_03,s0017lre,12,s0017lre.dat,8,9.75012187652346,6.1496489182863,280592.842719832,32763.5179037423,0.547893241548573,0.057519254156283,0.996129102652417
ecg_db_patient_03,s0017lre,12,s0017lre.dat,9,8.00008888987655,7.3546522073386,253042.281832264,34087.9137876261,0.551126255632498,0.051325123109629,0.996484261584411
ecg_db_patient_03,s0017lre,12,s0017lre.dat,10,7.20007200072001,10.402796826728,333336.271120267,33887.2478196983,0.541450681550367,0.0512911006975155,0.996262640609759
ecg_db_patient_03,s0017lre,12,s0017lre.dat,11,6.54551405012773,11.8850555511763,217584.541855452,28636.3225425336,0.546021162303431,0.0510696554872671,0.996220037138388
ecg_db_patient_04,s0020are,1,s0020are.dat,1,84.008400840084,4.11999502115689,145531.488863759,39486.2619944277,0.537790001338568,0.0592809169379832,0.996542774560889
ecg_db_patient_04,s0020are,1,s0020are.dat,2,42.0021001050053,4.78512652888466,141633.97325215,29010.4389157844,0.558195553758941,0.0602308479157583,0.996524762894279
ecg_db_patient_04,s0020are,1,s0020are.dat,3,26.0008666955565,3.13702232872347,129266.455673607,27274.8932997212,0.480486998178483,0.0620407924971433,0.996732126225593
ecg_db_patient_04,s0020are,1,s0020are.dat,4,21.0005250131253,4.86747446755591,144800.483342283,30133.0007071525,0.514946933771224,0.0590805454226372,0.996471095298951
ecg_db_patient_04,s0020are,1,s0020are.dat,5,16.8003360067201,8.519209064046,142981.829614386,31108.1124172978,0.514938835064062,0.0591239307356989,0.996507351957751
ecg_db_patient_04,s0020are,1,s0020are.dat,6,14.0002333372223,4.55732715187642,146611.83126189,31429.4036652763,0.545534715887071,0.0635717866858989,0.996438578899491
ecg_db_patient_04,s0020are,1,s0020are.dat,7,12.0001714310204,5.82875278034306,153271.907363721,36678.2857653623,0.573850243764959,0.0631309210383746,0.996441261245537
ecg_db_patient_04,s0020are,1,s0020are.dat,8,9.75012187652346,5.29150262212919,143719.964336116,28130.8120161821,0.519045327804811,0.0670976615666191,0.996480041613485
ecg_db_patient_04,s0020are,1,s0020are.dat,9,9.33343703818931,3.75021366912647,147939.572202624,29514.1324228139,0.548517509604271,0.0604299011602482,0.996453275262034
ecg_db_patient_04,s0020are,1,s0020are.dat,10,8.40008400084001,4.25320392054551,145784.414662343,28323.8333054658,0.49624422638998,0.0599191731967039,0.996437983408712
ecg_db_patient_04,s0020are,1,s0020are.dat,11,7.63643305848235,4.09971856444936,143691.172002722,29632.0741927789,0.513132556314258,0.058264421512159,0.996449711128476
ecg_db_patient_04,s0020are,2,s0020are.dat,1,162.016201620162,169.281486106607,31222.5492371077,6833.45995984193,0.68352224663502,0.0499626404846426,0.999321606449464
ecg_db_patient_04,s0020are,2,s0020are.dat,2,78.0039001950098,148.463149187489,29600.053229,4911.07436527722,0.657391512877296,0.0502353197460085,0.999326139552809
ecg_db_patient_04,s0020are,2,s0020are.dat,3,58.0019333977799,110.153572451417,26944.3023665882,4332.93945641577,0.650771660383195,0.0537173034744597,0.999378669279098
ecg_db_patient_04,s0020are,2,s0020are.dat,4,40.5010125253131,147.823267659521,28129.6663542337,4959.06173566775,0.631935172800311,0.0497381486334029,0.999335108793668
ecg_db_patient_04,s0020are,2,s0020are.dat,5,33.6006720134403,137.301319810308,32579.0397193902,5059.866989957,0.69540916168122,0.0487666613218838,0.999327848449685
ecg_db_patient_04,s0020are,2,s0020are.dat,6,29.000483341389,99.4520170921824,29598.0095283038,5052.58023760637,0.682247965781913,0.048837134481329,0.999343971852841
ecg_db_patient_04,s0020are,2,s0020are.dat,7,18.8574122487464,202.835553847845,27891.4357076831,5982.26241027403,0.670863627177129,0.051225296951267,0.999334064356715
ecg_db_patient_04,s0020are,2,s0020are.dat,8,17.2502156276953,176.148918697906,26761.5081057295,4368.6502835201,0.654632857170859,0.048528095220036,0.999385011600091
ecg_db_patient_04,s0020are,2,s0020are.dat,9,19.333548150535,107.18590757683,30285.8259939795,4453.32282596362,0.691190023504876,0.0468328730018208,0.999338426671045
ecg_db_patient_04,s0020are,2,s0020are.dat,10,15.60015600156,127.651713658689,27171.7764222501,4322.43178324351,0.617608967981952,0.0496823280796709,0.999340614739735
ecg_db_patient_04,s0020are,2,s0020are.dat,11,15.2728661169647,167.280876784801,26520.2779946011,4918.92718805537,0.612541077496038,0.0509329595019767,0.999337645510611
ecg_db_patient_04,s0020are,3,s0020are.dat,1,168.016801680168,112.832124499578,67782.0554758598,8271.20216564308,0.686206436959149,0.0796677455484951,0.998679475636186
ecg_db_patient_04,s0020are,3,s0020are.dat,2,81.0040502025101,113.6822833095,72222.0173852882,6770.09630383204,0.683223607131252,0.0813275343037522,0.998653041389053
ecg_db_patient_04,s0020are,3,s0020are.dat,3,56.001866728891,119.356369833968,69358.081880611,6687.72492111962,0.68097454537623,0.0876542418270344,0.998716247668157
ecg_db_patient_04,s0020are,3,s0020are.dat,4,40.5010125253131,132.897537165349,73165.0632496288,7112.36528529357,0.671338782900374,0.0808571344474783,0.998611045473145
ecg_db_patient_04,s0020are,3,s0020are.dat,5,32.4006480129603,133.308872115157,68499.6250661202,7534.35629249908,0.676812100632929,0.0814068065940932,0.998631166505009
ecg_db_patient_04,s0020are,3,s0020are.dat,6,28.0004666744446,118.03607783011,76104.9984689754,7393.59917140268,0.663263195714491,0.08647063468842,0.998570088141347
ecg_db_patient_04,s0020are,3,s0020are.dat,7,22.2860326576094,136.25346478775,75909.1843852462,8349.149478457,0.693308625721307,0.0860580185185224,0.998575650361392
ecg_db_patient_04,s0020are,3,s0020are.dat,8,1.50001875023438,0,74969.6404090892,7394.25385263829,0.687929345744763,0.0898684611808916,0.998421278416317
ecg_db_patient_04,s0020are,3,s0020are.dat,9,18.0002000022222,124.394607847521,73849.5840316894,7856.71878979736,0.674190834399392,0.0823452392048366,0.998597080049629
ecg_db_patient_04,s0020are,3,s0020are.dat,10,16.20016200162,123.451348249484,78241.9797734078,7645.18145885439,0.68177709876225,0.0839037443431045,0.998568109013937
ecg_db_patient_04,s0020are,3,s0020are.dat,11,15.2728661169647,122.231961538922,71646.4956376576,6712.95676725507,0.66215154449291,0.0831360351920233,0.998596634149383
ecg_db_patient_04,s0020are,4,s0020are.dat,1,102.010201020102,204.559842507435,64233.6476252079,17904.570010789,0.58494000683866,0.0506639513113247,0.998311808702711
ecg_db_patient_04,s0020are,4,s0020are.dat,2,57.0028501425071,233.320818992141,60890.6407495634,12959.8609928871,0.551440244521888,0.0506364007457669,0.998311378293953
ecg_db_patient_04,s0020are,4,s0020are.dat,3,44.0014667155572,180.334226738391,54959.5799125717,11915.2062720172,0.501607946969582,0.0526486866563962,0.998425956556715
ecg_db_patient_04,s0020are,4,s0020are.dat,4,31.500787519688,184.468304223674,60765.2295131277,13341.4578413566,0.520171377817122,0.0498760750032329,0.998300428684431
ecg_db_patient_04,s0020are,4,s0020are.dat,5,24.0004800096002,212.294152103971,64245.5418237214,13693.5983332755,0.570100141012707,0.0500363475531077,0.998311219127873
ecg_db_patient_04,s0020are,4,s0020are.dat,6,23.0003833397223,194.954096051095,62013.6372125295,13827.6541472081,0.566956229327619,0.0496026132260922,0.998299494941366
ecg_db_patient_04,s0020are,4,s0020are.dat,7,19.7145673509622,175.454388443955,63137.709522776,16246.3739812675,0.598939402637977,0.0510872999595173,0.998293858202071
ecg_db_patient_04,s0020are,4,s0020are.dat,8,12.000150001875,265.320955681623,59051.9462660067,12131.8269643794,0.534620482252242,0.0531997002862037,0.998375150480191
ecg_db_patient_04,s0020are,4,s0020are.dat,9,14.6668296314404,222.282392250853,63375.1428837209,12613.8667062605,0.57208350386541,0.0486013306575338,0.998299041355664
ecg_db_patient_04,s0020are,4,s0020are.dat,10,15.0001500015,155.268158638391,59538.0882083912,12123.7248036867,0.494363934497252,0.0502395851998245,0.998297954144989
ecg_db_patient_04,s0020are,4,s0020are.dat,11,11.4546495877235,203.284451990438,59379.1240356898,13195.6306416816,0.512631828941232,0.0484241078469332,0.998295957680963
ecg_db_patient_04,s0020are,5,s0020are.dat,1,84.008400840084,4.12621388510611,235850.713449408,53360.127719014,0.567330919768531,0.0709243660981996,0.995238533517417
ecg_db_patient_04,s0020are,5,s0020are.dat,2,42.0021001050053,5.25015262293434,238475.389355172,40215.5586577487,0.597623718350496,0.0715202667914243,0.995188006455504
ecg_db_patient_04,s0020are,5,s0020are.dat,3,26.0008666955565,3.53767600483023,221856.99321691,38607.8227924846,0.534259418311353,0.0761715059988565,0.99543263768897
ecg_db_patient_04,s0020are,5,s0020are.dat,4,21.0005250131253,5.38754499059074,245795.578789775,42065.7467316079,0.566828006382839,0.0698831478670741,0.995078941115793
ecg_db_patient_04,s0020are,5,s0020are.dat,5,16.8003360067201,8.58143494067424,231320.497410031,43747.2915638849,0.545735134204778,0.0702921665189151,0.995140480326126
ecg_db_patient_04,s0020are,5,s0020are.dat,6,14.0002333372223,5.1090668524266,249910.999387824,44025.0266278588,0.593500351321048,0.0766610648386389,0.994994284282169
ecg_db_patient_04,s0020are,5,s0020are.dat,7,12.0001714310204,6.08486984459304,260883.603932031,50898.048875446,0.608877342875465,0.0752475542278323,0.995006900387088
ecg_db_patient_04,s0020are,5,s0020are.dat,8,9.75012187652346,5.60843520552252,248408.63914586,40581.1285852102,0.571116256433966,0.0791174031846651,0.994891733202071
ecg_db_patient_04,s0020are,5,s0020are.dat,9,9.33343703818931,3.98715887536931,247971.305717971,42885.7081587658,0.597309565976833,0.0720891396820165,0.995027172744411
ecg_db_patient_04,s0020are,5,s0020are.dat,10,8.40008400084001,4.31306898884818,254839.843051736,41206.1864234975,0.579041881224871,0.0723564355416235,0.99498954908337
ecg_db_patient_04,s0020are,5,s0020are.dat,11,7.63643305848235,4.36771371279344,244797.360611712,40962.6587379833,0.562878311815828,0.0700279708306158,0.995032244890189
ecg_db_patient_04,s0020are,6,s0020are.dat,1,168.016801680168,94.4914865246652,24121.4278604047,1040.13963924932,0.812240703542109,0.0847555836364365,0.999761960767994
ecg_db_patient_04,s0020are,6,s0020are.dat,2,81.0040502025101,104.094927091352,25032.0348258284,931.468159973978,0.781847419869927,0.0883330651615084,0.999760033623692
ecg_db_patient_04,s0020are,6,s0020are.dat,3,56.001866728891,101.978057524765,24276.1992318305,743.941764487719,0.781208749563695,0.0937993613305387,0.999777056991295
ecg_db_patient_04,s0020are,6,s0020are.dat,4,42.0010500262507,102.499656034445,23423.9421215497,871.476029998905,0.784978896731078,0.0868551254426136,0.999767334456862
ecg_db_patient_04,s0020are,6,s0020are.dat,5,33.6006720134403,117.78559883724,26124.0045568944,922.399100241889,0.795484261379916,0.0852939772566106,0.999752787807292
ecg_db_patient_04,s0020are,6,s0020are.dat,6,27.0004500075001,123.522056579133,25646.81690309,792.083549901864,0.746484662217097,0.0921126344124505,0.999765408023106
ecg_db_patient_04,s0020are,6,s0020are.dat,7,24.8574979642566,102.294031023656,22641.6196635658,894.437717130216,0.796422096880872,0.0949617271650997,0.999757721796953
ecg_db_patient_04,s0020are,6,s0020are.dat,8,18.7502343779297,151.328890073953,23210.7586948596,870.032610821832,0.789110560031698,0.0936093429153444,0.999705650489508
ecg_db_patient_04,s0020are,6,s0020are.dat,9,18.6668740763786,114.777277201646,25070.9916046894,831.162796853382,0.780366568062924,0.0887978429571851,0.999770755965496
ecg_db_patient_04,s0020are,6,s0020are.dat,10,16.20016200162,97.1259689586355,24341.3300242971,886.266698635827,0.765381533375967,0.0897985295048112,0.999762744290463
ecg_db_patient_04,s0020are,6,s0020are.dat,11,15.2728661169647,111.628275068962,21615.0370874208,786.06462397129,0.766324973911171,0.0934243793110718,0.999770771584511
ecg_db_patient_04,s0020are,7,s0020are.dat,1,138.013801380138,152.023095761867,225450.971411597,2614.72269735509,0.572460317961889,0.0189212415793763,0.998247651829937
ecg_db_patient_04,s0020are,7,s0020are.dat,2,78.0039001950098,112.388285273273,221551.327188172,4789.55268291267,0.540666216617025,0.0186005611151463,0.998288680553596
ecg_db_patient_04,s0020are,7,s0020are.dat,3,44.0014667155572,181.715240338912,213039.362399518,6100.74268799853,0.569286773104834,0.0191638556635817,0.998366372073912
ecg_db_patient_04,s0020are,7,s0020are.dat,4,37.5009375234381,136.958571700784,232227.777860142,7596.25271795669,0.534885034194396,0.0179346721383307,0.998213436545414
ecg_db_patient_04,s0020are,7,s0020are.dat,5,27.6005520110402,145.469809128786,228590.512657165,6814.61655915218,0.568422314439164,0.0186365874450626,0.99823344175807
ecg_db_patient_04,s0020are,7,s0020are.dat,6,26.0004333405557,114.161698188724,227511.037863528,6545.42789836306,0.572320601689859,0.0183517006459692,0.998227456420124
ecg_db_patient_04,s0020are,7,s0020are.dat,7,20.5717224531779,120.740256278368,225924.288382722,6697.07785659703,0.577249513904146,0.0213094562848448,0.998221675665691
ecg_db_patient_04,s0020are,7,s0020are.dat,8,19.5002437530469,107.080577137033,211458.429962057,5659.13652860763,0.561027845813374,0.02024766977209,0.998367561935723
ecg_db_patient_04,s0020are,7,s0020are.dat,9,16.6668518539095,114.991485192021,232650.129203182,6999.46348389909,0.576584100744904,0.018986272561882,0.998223332585622
ecg_db_patient_04,s0020are,7,s0020are.dat,10,15.60015600156,112.68503301977,225466.678068887,7029.99871389294,0.536476595876078,0.0189518132164252,0.998269068795243
ecg_db_patient_04,s0020are,7,s0020are.dat,11,13.6364876044328,115.976353161986,227104.090202753,6305.02005413709,0.567693365883612,0.0185093500243018,0.998271466596464
ecg_db_patient_04,s0020are,8,s0020are.dat,1,84.008400840084,11.3549943829092,109745.214264249,3700.12503629855,0.591151327767997,0.0279146184673794,0.998908770093274
ecg_db_patient_04,s0020are,8,s0020are.dat,2,39.0019500975049,12.2952935070395,107107.762612155,5679.76147255607,0.569037756522407,0.0285237221462981,0.998927233279679
ecg_db_patient_04,s0020are,8,s0020are.dat,3,32.0010667022234,171.33528811188,106450.414024187,4763.74432830791,0.60630226635545,0.0275808237658193,0.998981697455615
ecg_db_patient_04,s0020are,8,s0020are.dat,4,22.5005625140628,134.157689732217,113387.988628612,5003.7158781615,0.564562213373731,0.0263402424422943,0.998895497221402
ecg_db_patient_04,s0020are,8,s0020are.dat,5,19.2003840076801,166.429307171887,112881.953114814,4528.64474066753,0.585480833349188,0.0260591264070673,0.998897343955908
ecg_db_patient_04,s0020are,8,s0020are.dat,6,15.0002500041667,138.29759677856,111276.096316666,4642.37082685109,0.603527919866113,0.0281783291800688,0.998892754844829
ecg_db_patient_04,s0020are,8,s0020are.dat,7,12.8573265332362,173.758279113369,108237.848533115,4369.20812410165,0.600945255152768,0.0303334763232725,0.998903328383089
ecg_db_patient_04,s0020are,8,s0020are.dat,8,12.000150001875,176.118412547057,104417.18929919,4776.79458046187,0.602524117444798,0.0294844458529067,0.998973693687458
ecg_db_patient_04,s0020are,8,s0020are.dat,9,9.33343703818931,11.8207770146788,112155.408697917,5019.80172107528,0.601407430828862,0.0282358454014388,0.998902279273879
ecg_db_patient_04,s0020are,8,s0020are.dat,10,9.60009600096001,167.722332896907,109834.131641229,5220.26989009051,0.564889692660029,0.0285799325839962,0.998915731354076
ecg_db_patient_04,s0020are,8,s0020are.dat,11,8.18189256265966,168.481779104181,111798.2160427,5066.2966964213,0.587510657906565,0.0283304937632433,0.998912483434929
ecg_db_patient_04,s0020are,9,s0020are.dat,1,156.015601560156,168.167822923015,95477.4217318168,11590.3318241296,0.594530701595086,0.0407141882988234,0.998494687882691
ecg_db_patient_04,s0020are,9,s0020are.dat,2,78.0039001950098,134.380578953954,93947.5242764297,12390.4840319352,0.569737794613292,0.0413741116530651,0.998502571831762
ecg_db_patient_04,s0020are,9,s0020are.dat,3,44.0014667155572,200.551893296378,93524.3172785974,9664.67599831525,0.605926016104581,0.0405957715736803,0.998597813486701
ecg_db_patient_04,s0020are,9,s0020are.dat,4,36.0009000225006,162.737099754062,99773.3411560362,9689.10709175948,0.571898563376295,0.0403294886400162,0.998480925958184
ecg_db_patient_04,s0020are,9,s0020are.dat,5,26.4005280105602,169.670605249449,98686.4434650921,9134.10663378502,0.583222125738595,0.0403711052489469,0.998494950623463
ecg_db_patient_04,s0020are,9,s0020are.dat,6,27.0004500075001,126.367139107261,97207.0834826523,9511.32693270367,0.600052213455608,0.0418258471193032,0.998489732225242
ecg_db_patient_04,s0020are,9,s0020are.dat,7,18.0002571465307,210.107090488837,94994.2265230883,10007.6018596588,0.600318574904468,0.0433258875370701,0.998490970441634
ecg_db_patient_04,s0020are,9,s0020are.dat,8,18.0002250028125,186.610996545275,91827.4739886628,9768.01896649743,0.605617126058114,0.0414712324998475,0.99858948664429
ecg_db_patient_04,s0020are,9,s0020are.dat,9,15.3335037055967,173.427336730808,98966.7403618779,9816.68854654338,0.600812700203349,0.0413278963142607,0.998483018109546
ecg_db_patient_04,s0020are,9,s0020are.dat,10,15.60015600156,164.332153477847,96806.7477882357,9941.8583758585,0.568757202792036,0.0414595913477178,0.998485736553834
ecg_db_patient_04,s0020are,9,s0020are.dat,11,13.0910281002555,159.71440667518,99330.1047018803,10510.0555242915,0.584321196327759,0.0412096609067395,0.998476189328313
ecg_db_patient_04,s0020are,10,s0020are.dat,1,168.016801680168,154.400393398079,108894.229807176,25507.4682162089,0.58039103141941,0.0416401804802242,0.997648702401411
ecg_db_patient_04,s0020are,10,s0020are.dat,2,81.0040502025101,153.194958744129,106992.869299069,23704.3440127381,0.549567419364713,0.0427601728121548,0.997646518042952
ecg_db_patient_04,s0020are,10,s0020are.dat,3,54.001800060002,150.115934684343,105054.827473659,18253.7619287585,0.586820752954368,0.0419492241067863,0.997821522945676
ecg_db_patient_04,s0020are,10,s0020are.dat,4,42.0010500262507,147.616803913785,113078.267293648,18242.510067855,0.551388245600122,0.0421408726850681,0.997645274425264
ecg_db_patient_04,s0020are,10,s0020are.dat,5,33.6006720134403,146.688557029963,111051.042480729,17689.4866584077,0.569079714433985,0.0422874072877233,0.997665286867459
ecg_db_patient_04,s0020are,10,s0020are.dat,6,28.0004666744446,150.614127440341,109284.693170079,18299.8440860753,0.579015759243404,0.0434006911902752,0.997672762732388
ecg_db_patient_04,s0020are,10,s0020are.dat,7,23.1431877598251,153.592427697963,108066.772746835,20349.4225202208,0.582305572126349,0.0446096149668004,0.997652779040083
ecg_db_patient_04,s0020are,10,s0020are.dat,8,21.0002625032813,149.579410347815,103765.387475304,18429.861086419,0.582065831325911,0.0425746412947404,0.997814248581813
ecg_db_patient_04,s0020are,10,s0020are.dat,9,18.6668740763786,149.773856120513,112478.025967396,18361.41316711,0.586339017663304,0.0424460826413385,0.997640757133837
ecg_db_patient_04,s0020are,10,s0020are.dat,10,16.80016800168,149.435757381042,109851.148839117,18259.9059134924,0.542776431257736,0.042052224586864,0.997638637506209
ecg_db_patient_04,s0020are,10,s0020are.dat,11,14.7274066127874,147.399452039478,113686.606038063,20112.5282094515,0.564536459129434,0.0421639945534731,0.997618091810799
ecg_db_patient_04,s0020are,11,s0020are.dat,1,126.012601260126,209.064048357888,116852.888394589,51169.8850078985,0.478639496358512,0.0460311867553726,0.996392632498395
ecg_db_patient_04,s0020are,11,s0020are.dat,2,78.0039001950098,151.932188821197,112559.641772779,39967.2184428128,0.42910787765331,0.0456784871026308,0.996390450264914
ecg_db_patient_04,s0020are,11,s0020are.dat,3,50.0016667222241,149.994486613651,105325.98594459,32135.7349054274,0.453340759280379,0.0458393875913039,0.996674226965579
ecg_db_patient_04,s0020are,11,s0020are.dat,4,40.5010125253131,152.150370964436,113103.519634245,33311.5218487883,0.436178431440597,0.0458186281015145,0.99643986122556
ecg_db_patient_04,s0020are,11,s0020are.dat,5,28.8005760115202,184.837969851473,109747.525751691,33317.7783710211,0.458263982908976,0.0469892087964842,0.996454189570118
ecg_db_patient_04,s0020are,11,s0020are.dat,6,28.0004666744446,135.104328158573,107721.490627465,34160.15403936,0.443005221435181,0.0469635088748082,0.996492335411556
ecg_db_patient_04,s0020are,11,s0020are.dat,7,20.5717224531779,180.691064719773,110937.49444279,40343.9550685811,0.428346904216721,0.0483887750792206,0.996439120042832
ecg_db_patient_04,s0020are,11,s0020are.dat,8,17.2502156276953,178.320671557624,104586.207850675,32131.3093446795,0.448636782260823,0.0480589062212403,0.996628005189157
ecg_db_patient_04,s0020are,11,s0020are.dat,9,17.3335259280659,165.774616070535,112772.496281374,32185.1255144747,0.466233097898706,0.0460779226548813,0.996422890760034
ecg_db_patient_04,s0020are,11,s0020are.dat,10,15.60015600156,149.755222502144,112624.634607568,31435.8412065108,0.406520076924664,0.0447664405549893,0.996403898044608
ecg_db_patient_04,s0020are,11,s0020are.dat,11,12.5455685960781,187.267760935283,114497.568717243,35797.4614394106,0.423420357127014,0.0458859166666942,0.996372991167613
ecg_db_patient_04,s0020are,12,s0020are.dat,1,90.00900090009,144.073794431042,83155.1679815409,26028.2921500706,0.505137398636726,0.0482366421541237,0.997772206422106
ecg_db_patient_04,s0020are,12,s0020are.dat,2,48.002400120006,177.102257252158,78903.9436037016,18948.1735027386,0.472972003398098,0.0485762596526112,0.997781442926425
ecg_db_patient_04,s0020are,12,s0020are.dat,3,26.0008666955565,3.13702232872335,73391.6255749976,16483.2562276889,0.466597697254214,0.0500893074940219,0.997950508442175
ecg_db_patient_04,s0020are,12,s0020are.dat,4,21.0005250131253,4.51209201579191,76794.0390643659,17986.1601802372,0.438547893895549,0.0488651990446128,0.997824903255631
ecg_db_patient_04,s0020are,12,s0020are.dat,5,19.2003840076801,171.552352137211,77112.0460860023,17916.4695240629,0.465037492612658,0.0500363801550116,0.997816085669062
ecg_db_patient_04,s0020are,12,s0020are.dat,6,18.0003000050001,199.906687790903,75428.4146870035,18455.8911186578,0.46054242553069,0.0489823803961797,0.997850999024954
ecg_db_patient_04,s0020are,12,s0020are.dat,7,12.8573265332362,139.993092451256,78753.1098701985,22189.1051118589,0.477715445070329,0.0494174584728911,0.997813122364652
ecg_db_patient_04,s0020are,12,s0020are.dat,8,9.75012187652346,5.16984262113188,72886.815648199,16461.4029943529,0.463641328944286,0.0525765083504844,0.997911365377149
ecg_db_patient_04,s0020are,12,s0020are.dat,9,9.33343703818931,3.59130002888031,77403.2177028459,16655.11125987,0.46472897075851,0.0498913444327226,0.997806792455221
ecg_db_patient_04,s0020are,12,s0020are.dat,10,8.40008400084001,3.73308149333738,78405.1297799417,16246.7162088378,0.450959967642735,0.046688983488529,0.997790035123642
ecg_db_patient_04,s0020are,12,s0020are.dat,11,7.63643305848235,3.52281938371212,78414.5736805215,18373.147179411,0.451683844741392,0.0489361154010214,0.99777240759792
ecg_db_patient_04-1,s0020bre,1,s0020bre.dat,1,84.008400840084,6.17168887661583,182857.689286834,32983.0543757909,0.521594519209882,0.0529896736840912,0.995876501531719
ecg_db_patient_04-1,s0020bre,1,s0020bre.dat,2,39.0019500975049,6.28791529744773,171512.309672404,35796.6103389591,0.497313332836527,0.0491887636687082,0.996138506406826
ecg_db_patient_04-1,s0020bre,1,s0020bre.dat,3,28.0009333644455,6.44204936336264,182136.706473612,39714.4479495141,0.506038328645872,0.0475539296252585,0.995883303072387
ecg_db_patient_04-1,s0020bre,1,s0020bre.dat,4,19.5004875121878,6.51513389708691,167108.48285041,35998.2099940793,0.494634977472607,0.0476480540336373,0.996158024155057
ecg_db_patient_04-1,s0020bre,1,s0020bre.dat,5,16.8003360067201,7.11985306676391,182339.33990615,36325.2073995191,0.556992905195793,0.0443403535508091,0.995879584667753
ecg_db_patient_04-1,s0020bre,1,s0020bre.dat,6,13.0002166702778,6.45907864712129,165942.35635873,30193.7665481506,0.548139265430852,0.0448753370946634,0.996186063367285
ecg_db_patient_04-1,s0020bre,1,s0020bre.dat,7,12.0001714310204,7.53368503830701,175605.396416962,42915.4081796069,0.495093623716826,0.0453524035363287,0.99591676868597
ecg_db_patient_04-1,s0020bre,1,s0020bre.dat,8,9.75012187652346,10.1902359683624,160812.84205883,29604.5562136347,0.561476736203824,0.0462045033380742,0.996363427438381
ecg_db_patient_04-1,s0020bre,1,s0020bre.dat,9,9.33343703818931,9.53603153496765,166208.602423325,29970.1082690034,0.489392661730593,0.0448984621109385,0.995997379248595
ecg_db_patient_04-1,s0020bre,1,s0020bre.dat,10,7.80007800078001,7.24882435609069,161735.754692772,31720.9552353527,0.583135984770613,0.0448743920015731,0.996364711733057
ecg_db_patient_04-1,s0020bre,1,s0020bre.dat,11,7.63643305848235,8.38496823534184,180257.192747674,38102.8049059352,0.54563892042651,0.0441835016508693,0.995867270399992
ecg_db_patient_04-1,s0020bre,2,s0020bre.dat,1,150.01500150015,166.511908221935,28627.5797292258,4737.44968117291,0.625916908183121,0.0488786501856534,0.999282441191462
ecg_db_patient_04-1,s0020bre,2,s0020bre.dat,2,84.0042002100105,128.91633586331,25409.2960984498,4732.88456440902,0.620178472478405,0.0457498197581384,0.999378583217448
ecg_db_patient_04-1,s0020bre,2,s0020bre.dat,3,44.0014667155572,186.509108675817,27297.5410421223,5023.70625961611,0.641278255356035,0.0437314027045206,0.999309597609825
ecg_db_patient_04-1,s0020bre,2,s0020bre.dat,4,42.0010500262507,130.468921974314,27377.0214431274,4529.22940524957,0.641159259776807,0.0425877256893285,0.999377020286077
ecg_db_patient_04-1,s0020bre,2,s0020bre.dat,5,31.2006240124802,164.371966385188,29562.3263820563,4703.85814848847,0.690020989253843,0.0405463172686725,0.999321901528379
ecg_db_patient_04-1,s0020bre,2,s0020bre.dat,6,25.0004166736112,149.665327129992,29219.7435007156,4346.70536492624,0.678203596818961,0.0439229490530659,0.999363836867269
ecg_db_patient_04-1,s0020bre,2,s0020bre.dat,7,24.0003428620409,128.672323953393,28545.2614103631,6202.30713973657,0.658284116672348,0.0406607012843286,0.999314011128846
ecg_db_patient_04-1,s0020bre,2,s0020bre.dat,8,16.5002062525782,201.45014744289,32135.7899330057,4437.84535458581,0.719045288920584,0.04385338534664,0.999312197979488
ecg_db_patient_04-1,s0020bre,2,s0020bre.dat,9,18.0002000022222,126.043899556403,25319.6170266659,3700.50610509073,0.626091964052868,0.0392101797396173,0.999362029924204
ecg_db_patient_04-1,s0020bre,2,s0020bre.dat,10,15.0001500015,124.339406639562,28455.2388965928,4675.17707784751,0.689432866008713,0.0399250717661187,0.999364507132415
ecg_db_patient_04-1,s0020bre,2,s0020bre.dat,11,13.6364876044328,167.265388365099,28288.8888795961,5128.15463349393,0.667365813135546,0.0407294247737555,0.999323935931757
ecg_db_patient_04-1,s0020bre,3,s0020bre.dat,1,180.01800180018,113.702078088205,70752.4249288605,6413.94236215062,0.688934175674574,0.0672085146092896,0.998709093096787
ecg_db_patient_04-1,s0020bre,3,s0020bre.dat,2,90.0045002250113,123.862708041403,70851.1815255606,7238.24281505537,0.621852411979378,0.0633723223683486,0.998708952584813
ecg_db_patient_04-1,s0020bre,3,s0020bre.dat,3,60.0020000666689,104.52787357772,68533.5257067676,8510.30738750581,0.693070657947918,0.0658596109369398,0.998652449665799
ecg_db_patient_04-1,s0020bre,3,s0020bre.dat,4,43.5010875271882,132.79442679706,70257.817948934,7779.10241949319,0.657360369176707,0.0642104167392429,0.998698262817797
ecg_db_patient_04-1,s0020bre,3,s0020bre.dat,5,33.6006720134403,119.784528772848,70259.1125559718,7376.50025336599,0.659760534495018,0.0626644866752405,0.998646570345966
ecg_db_patient_04-1,s0020bre,3,s0020bre.dat,6,30.0005000083335,115.100737629937,68691.4784931182,5920.38345438563,0.676741242786272,0.061361993002559,0.998756941072535
ecg_db_patient_04-1,s0020bre,3,s0020bre.dat,7,24.0003428620409,128.99822212163,73142.2771188935,7263.92836156268,0.686854572895076,0.0614994215532152,0.998714822342869
ecg_db_patient_04-1,s0020bre,3,s0020bre.dat,8,19.5002437530469,159.223721013338,60883.3067011271,5395.43596251418,0.684568610346255,0.0677329004313727,0.998843755752812
ecg_db_patient_04-1,s0020bre,3,s0020bre.dat,9,19.333548150535,128.451476231423,70197.4902247708,6716.51567621475,0.624837908664854,0.0578650917094515,0.998675697479766
ecg_db_patient_04-1,s0020bre,3,s0020bre.dat,10,17.40017400174,127.747244454072,63703.6439574437,5795.01690934423,0.686909514175186,0.0593978873814026,0.998909275237763
ecg_db_patient_04-1,s0020bre,3,s0020bre.dat,11,15.2728661169647,145.213262954497,71018.3960035553,7615.30317141092,0.667263008646311,0.0594296890673007,0.9986414524867
ecg_db_patient_04-1,s0020bre,4,s0020bre.dat,1,132.013201320132,189.84576446609,68678.1781592881,13119.6286142005,0.531763708821168,0.0498072840766283,0.998134300277296
ecg_db_patient_04-1,s0020bre,4,s0020bre.dat,2,69.0034501725086,154.715770679558,62468.4675929955,13855.5445101393,0.498002309068627,0.0458105155633668,0.998300176176513
ecg_db_patient_04-1,s0020bre,4,s0020bre.dat,3,40.0013333777793,202.6163516721,67753.0996114167,15119.0789836162,0.526467506915708,0.0433377222808923,0.998160412202816
ecg_db_patient_04-1,s0020bre,4,s0020bre.dat,4,31.500787519688,224.886170036497,62985.2632147342,13678.182053578,0.51274824060156,0.0430584304986512,0.998305510887169
ecg_db_patient_04-1,s0020bre,4,s0020bre.dat,5,26.4005280105602,200.868483389126,69478.9452037587,13990.6737034101,0.603083873287187,0.0397446070084177,0.998166064955919
ecg_db_patient_04-1,s0020bre,4,s0020bre.dat,6,18.0003000050001,200.514173622538,64379.4151499261,12022.6210226805,0.575664447087648,0.0422185691486249,0.998298118676725
ecg_db_patient_04-1,s0020bre,4,s0020bre.dat,7,16.2859469420992,211.612089613491,66016.8367824283,17297.5790372885,0.515831900547005,0.0408501040478448,0.998167347975413
ecg_db_patient_04-1,s0020bre,4,s0020bre.dat,8,12.7501593769922,213.86958643061,66463.4236086484,11996.7576451288,0.608356965224619,0.0419566849531516,0.998318131577713
ecg_db_patient_04-1,s0020bre,4,s0020bre.dat,9,14.000155557284,183.35915288681,60928.2850992729,11288.5347646892,0.511767515223779,0.0394669543328401,0.998239583734001
ecg_db_patient_04-1,s0020bre,4,s0020bre.dat,10,12.0001200012,208.685400762076,63261.0460639144,12790.2135356281,0.604801539744794,0.0405775964654279,0.998351230919746
ecg_db_patient_04-1,s0020bre,4,s0020bre.dat,11,9.81827107519159,200.338940739115,67663.7108302723,14855.1283797051,0.566621053886409,0.0406965586722589,0.998164281583428
ecg_db_patient_04-1,s0020bre,5,s0020bre.dat,1,84.008400840084,6.49852054169038,345823.436057279,52314.541730146,0.582308324093297,0.0594802869372476,0.993863770377899
ecg_db_patient_04-1,s0020bre,5,s0020bre.dat,2,39.0019500975049,6.72117864843982,334671.672110628,58089.111716737,0.539412025579528,0.0553551862643731,0.994118892531289
ecg_db_patient_04-1,s0020bre,5,s0020bre.dat,3,28.0009333644455,6.66410207081623,343936.44450973,65692.8592398169,0.561159453643217,0.0552748369962434,0.993799943169912
ecg_db_patient_04-1,s0020bre,5,s0020bre.dat,4,19.5004875121878,6.93912927906058,322484.578903413,59709.906032649,0.527965293224238,0.0566262124811973,0.994147527230692
ecg_db_patient_04-1,s0020bre,5,s0020bre.dat,5,16.8003360067201,7.6250262714976,342169.242943164,59185.360586525,0.563543995826244,0.0528381167831373,0.993787559980401
ecg_db_patient_04-1,s0020bre,5,s0020bre.dat,6,13.0002166702778,6.63952809568089,314327.761395654,47944.3980290934,0.555020266539046,0.0527317027301139,0.994256598077969
ecg_db_patient_04-1,s0020bre,5,s0020bre.dat,7,12.0001714310204,7.57610954893311,338697.239091187,66199.0581329524,0.546147761031385,0.0522301482101751,0.993907466573558
ecg_db_patient_04-1,s0020bre,5,s0020bre.dat,8,9.75012187652346,10.2809031557043,287249.199814348,45970.117743787,0.571647136086883,0.0556969249996402,0.994631491272504
ecg_db_patient_04-1,s0020bre,5,s0020bre.dat,9,9.33343703818931,9.69205331371518,325689.155153332,50253.4707185371,0.515717835079434,0.0516293782193451,0.993917748714033
ecg_db_patient_04-1,s0020bre,5,s0020bre.dat,10,7.80007800078001,7.39112899892743,300875.759557616,49448.9551807179,0.589742135095218,0.0518160483073932,0.994621810011854
ecg_db_patient_04-1,s0020bre,5,s0020bre.dat,11,7.63643305848235,8.64914402167592,342878.598333977,61486.6919931078,0.560650829555111,0.0505201673559971,0.993764022544421
ecg_db_patient_04-1,s0020bre,6,s0020bre.dat,1,180.01800180018,102.116325053169,21138.7425307803,1000.96963198835,0.786050518116849,0.0724474350495642,0.999771419926203
ecg_db_patient_04-1,s0020bre,6,s0020bre.dat,2,84.0042002100105,99.0774251902833,20141.7776749908,806.124975576665,0.76081886618147,0.0695684097092183,0.999802846311599
ecg_db_patient_04-1,s0020bre,6,s0020bre.dat,3,60.0020000666689,97.7704031092127,19206.8134181745,865.867922382016,0.80735217429546,0.0691403145269157,0.999774333949461
ecg_db_patient_04-1,s0020bre,6,s0020bre.dat,4,45.0011250281257,100.30384872459,22617.1271731016,788.047243205961,0.785893639994616,0.0655043580521097,0.999788513571192
ecg_db_patient_04-1,s0020bre,6,s0020bre.dat,5,34.8006960139203,103.182346168551,21914.9127302017,743.839407951264,0.804816944507861,0.0674975401413663,0.999786088409091
ecg_db_patient_04-1,s0020bre,6,s0020bre.dat,6,30.0005000083335,101.800611648554,23933.0217054896,943.687786106017,0.798360083539096,0.0669661531380247,0.999795539548057
ecg_db_patient_04-1,s0020bre,6,s0020bre.dat,7,25.7146530664724,102.566234757425,23157.4222280968,939.45539732968,0.800979933707714,0.0639688339792584,0.999795991866517
ecg_db_patient_04-1,s0020bre,6,s0020bre.dat,8,21.7502718783985,105.64442583021,24632.0786555324,935.38821323476,0.810788953217601,0.0658866988005323,0.999733219193713
ecg_db_patient_04-1,s0020bre,6,s0020bre.dat,9,19.333548150535,105.986197563995,20700.2906305275,676.383799528835,0.758155016992527,0.065197121111161,0.999803422170805
ecg_db_patient_04-1,s0020bre,6,s0020bre.dat,10,18.0001800018,104.232451476912,22132.9096092962,935.65992364855,0.806037887421465,0.0585816918007399,0.999808583323647
ecg_db_patient_04-1,s0020bre,6,s0020bre.dat,11,16.3637851253193,97.7794215105405,21389.8036951915,914.597877948469,0.814481999943207,0.0639401101609513,0.999787404425523
ecg_db_patient_04-1,s0020bre,7,s0020bre.dat,1,138.013801380138,138.601924613237,248883.535102952,8544.28155172619,0.583630565445907,0.0166950640411493,0.998093286064111
ecg_db_patient_04-1,s0020bre,7,s0020bre.dat,2,69.0034501725086,150.265889883026,244929.606442049,8092.0096454483,0.545123402851562,0.0161147967361604,0.998159920379403
ecg_db_patient_04-1,s0020bre,7,s0020bre.dat,3,48.0016000533351,136.848579082276,251611.938095384,7499.3548708926,0.575025206901708,0.0167126132790105,0.998091385980975
ecg_db_patient_04-1,s0020bre,7,s0020bre.dat,4,40.5010125253131,92.8568874045513,247417.801250251,8046.32352798008,0.566512834775086,0.016401262377386,0.998166069268728
ecg_db_patient_04-1,s0020bre,7,s0020bre.dat,5,28.8005760115202,139.807490455096,255725.682028771,10065.8864898552,0.568114945589045,0.0162793115800169,0.998064491179926
ecg_db_patient_04-1,s0020bre,7,s0020bre.dat,6,23.0003833397223,156.544815374956,245580.959442502,7845.56845270519,0.582895819527345,0.0158605450394493,0.998185601395759
ecg_db_patient_04-1,s0020bre,7,s0020bre.dat,7,17.1431020443149,183.794825856703,257726.852780856,5992.1225760227,0.578518793922793,0.0157645917897822,0.998036171729237
ecg_db_patient_04-1,s0020bre,7,s0020bre.dat,8,19.5002437530469,88.6283814587629,229584.297542982,7257.30205121259,0.577353950299983,0.0163123799991823,0.998299355124076
ecg_db_patient_04-1,s0020bre,7,s0020bre.dat,9,18.6668740763786,56.8401818065904,267234.206172643,8671.73052407244,0.518031483816539,0.0152333110138597,0.997953594988103
ecg_db_patient_04-1,s0020bre,7,s0020bre.dat,10,14.40014400144,131.644313574277,243087.315886558,7948.5087865279,0.575003775638143,0.0158445385521182,0.998145545292121
ecg_db_patient_04-1,s0020bre,7,s0020bre.dat,11,13.0910281002555,132.505544667342,250212.662553151,7493.73118641499,0.563569147101916,0.0159379481563681,0.998095980222346
ecg_db_patient_04-1,s0020bre,8,s0020bre.dat,1,90.00900090009,174.118628248952,116144.147901405,5758.60996076002,0.604997376961317,0.0249041969957303,0.998840737970429
ecg_db_patient_04-1,s0020bre,8,s0020bre.dat,2,45.0022501125056,134.350206631691,118030.391092399,4186.50169163371,0.591984698963232,0.023874371745221,0.998885719956945
ecg_db_patient_04-1,s0020bre,8,s0020bre.dat,3,28.0009333644455,29.5634909981886,116654.429838377,5282.34820886613,0.601750317627358,0.0258045100818724,0.998835555056716
ecg_db_patient_04-1,s0020bre,8,s0020bre.dat,4,21.0005250131253,14.7504889097589,117968.403935753,4140.8914225763,0.599003287130245,0.0248255975680032,0.998892475685387
ecg_db_patient_04-1,s0020bre,8,s0020bre.dat,5,16.8003360067201,142.820714219809,121755.327015133,4587.55193628398,0.591163284431476,0.0248066277174007,0.998819885289379
ecg_db_patient_04-1,s0020bre,8,s0020bre.dat,6,15.0002500041667,141.674929731007,117101.97861688,5569.86383546808,0.60630985585711,0.0244907506400871,0.998906859630134
ecg_db_patient_04-1,s0020bre,8,s0020bre.dat,7,11.1430163288047,10.3777150518296,120692.663374947,4078.65556010564,0.599995392369445,0.0240052516286182,0.998819939790193
ecg_db_patient_04-1,s0020bre,8,s0020bre.dat,8,11.2501406267578,135.738355297613,108843.215738998,4176.52988419202,0.603441013893464,0.024615237243867,0.998977663451292
ecg_db_patient_04-1,s0020bre,8,s0020bre.dat,9,10.0001111123457,132.600138398482,132404.176943269,6165.19753065342,0.562292592855005,0.0220764787983004,0.998751838357895
ecg_db_patient_04-1,s0020bre,8,s0020bre.dat,10,8.40008400084001,138.414835428384,113842.343459864,4689.45531459779,0.605256646957437,0.0240964028507658,0.998910291429425
ecg_db_patient_04-1,s0020bre,8,s0020bre.dat,11,8.18189256265966,132.744507967766,120927.244331979,5114.40623642624,0.587112328125241,0.0250187348860322,0.998822372626155
ecg_db_patient_04-1,s0020bre,9,s0020bre.dat,1,150.01500150015,157.191842543813,100446.748346389,10104.2743598748,0.607386749337686,0.0394331223715103,0.998417320512136
ecg_db_patient_04-1,s0020bre,9,s0020bre.dat,2,69.0034501725086,162.724909291405,102170.305268496,7527.45341766592,0.59747738510761,0.0381661360113268,0.99852252470026
ecg_db_patient_04-1,s0020bre,9,s0020bre.dat,3,50.0016667222241,163.923364915492,100512.089719145,10394.3633629561,0.604786388121736,0.0402075164262217,0.998422400742302
ecg_db_patient_04-1,s0020bre,9,s0020bre.dat,4,37.5009375234381,170.813569022835,101937.010005329,7447.22936826161,0.596690093768515,0.0389588940382201,0.99851603361736
ecg_db_patient_04-1,s0020bre,9,s0020bre.dat,5,30.0006000120002,146.679256706005,105052.498056015,7130.45404533973,0.595109909985811,0.0394877890474076,0.998427436966356
ecg_db_patient_04-1,s0020bre,9,s0020bre.dat,6,24.0004000066668,176.574039157369,101427.238683388,9825.21936467323,0.609427147989888,0.038980441798196,0.998527886147633
ecg_db_patient_04-1,s0020bre,9,s0020bre.dat,7,17.1431020443149,213.488581120878,104008.892610149,9437.6773445163,0.602679186419403,0.0393392847910079,0.99841673887497
ecg_db_patient_04-1,s0020bre,9,s0020bre.dat,8,18.7502343779297,164.408816849861,95485.2063507314,8134.71391303431,0.612227293904269,0.0393039129178773,0.99857504806052
ecg_db_patient_04-1,s0020bre,9,s0020bre.dat,9,16.0001777797531,141.502594286194,114389.348661607,9853.36596385948,0.569133650163518,0.0378211613374751,0.998401630786682
ecg_db_patient_04-1,s0020bre,9,s0020bre.dat,10,15.60015600156,103.328763339804,97673.5755247924,8430.6894467791,0.605707400564924,0.0387241930482866,0.998530286932656
ecg_db_patient_04-1,s0020bre,9,s0020bre.dat,11,13.0910281002555,163.702516272634,104135.741026039,9838.01795234882,0.584367458160072,0.0395770019963207,0.998429425451022
ecg_db_patient_04-1,s0020bre,10,s0020bre.dat,1,162.016201620162,157.572571803012,111138.794722467,17882.0836679143,0.579906088524578,0.041500448263288,0.997577114772007
ecg_db_patient_04-1,s0020bre,10,s0020bre.dat,2,81.0040502025101,152.21486837312,110073.708457878,13895.8526216252,0.583504509105676,0.0404556745419652,0.997793276938102
ecg_db_patient_04-1,s0020bre,10,s0020bre.dat,3,54.001800060002,156.723769735162,110212.153786894,19231.1274804372,0.579637399183037,0.0416471800719849,0.997599506773431
ecg_db_patient_04-1,s0020bre,10,s0020bre.dat,4,40.5010125253131,155.572412029303,111727.249893829,13782.8566485332,0.577593350019086,0.0406888530022851,0.997761059897337
ecg_db_patient_04-1,s0020bre,10,s0020bre.dat,5,32.4006480129603,154.669240142162,114658.332478344,12499.2653474093,0.574758701371469,0.041234746635958,0.997635805352412
ecg_db_patient_04-1,s0020bre,10,s0020bre.dat,6,27.0004500075001,158.504840984068,110607.208288495,17114.3074446639,0.584896213566382,0.0409574651101601,0.997773394042734
ecg_db_patient_04-1,s0020bre,10,s0020bre.dat,7,23.1431877598251,155.281308003844,113878.088484628,19061.5454186725,0.580641172321761,0.0412334162790076,0.997606791200124
ecg_db_patient_04-1,s0020bre,10,s0020bre.dat,8,20.2502531281641,160.118725181804,106582.298477787,15851.733681759,0.586907127238301,0.0409533266017722,0.997759004906047
ecg_db_patient_04-1,s0020bre,10,s0020bre.dat,9,18.6668740763786,146.910228999261,122888.158869969,16319.838644236,0.564309338940896,0.0411894954008901,0.997655913671459
ecg_db_patient_04-1,s0020bre,10,s0020bre.dat,10,15.60015600156,155.244022965996,105495.286403939,15485.3918953491,0.584559648023701,0.0411534361819419,0.997762196423944
ecg_db_patient_04-1,s0020bre,10,s0020bre.dat,11,15.2728661169647,159.015722493092,114350.215704728,18266.6992316005,0.561049956225742,0.0412503443838522,0.997629929426992
ecg_db_patient_04-1,s0020bre,11,s0020bre.dat,1,132.013201320132,201.885269162368,111948.070148371,30184.3137041706,0.442024333782619,0.0456894655817293,0.996353281174351
ecg_db_patient_04-1,s0020bre,11,s0020bre.dat,2,75.0037501875094,167.2614405437,100820.734252306,26946.0042121268,0.462820227303592,0.0450912411349852,0.996761372481903
ecg_db_patient_04-1,s0020bre,11,s0020bre.dat,3,48.0016000533351,184.2408202378,111510.784857484,34822.1650750117,0.454609982617432,0.0444661412255517,0.996388062643279
ecg_db_patient_04-1,s0020bre,11,s0020bre.dat,4,34.500862521563,192.098284953955,104807.683140096,26846.3251788864,0.455662500454601,0.0451664096050822,0.996698966939229
ecg_db_patient_04-1,s0020bre,11,s0020bre.dat,5,31.2006240124802,153.414167098957,109562.248499616,24536.1831148289,0.473432366500656,0.0451993681459837,0.996481870902873
ecg_db_patient_04-1,s0020bre,11,s0020bre.dat,6,23.0003833397223,187.242562085326,105797.806213268,28068.0628811126,0.449200994207808,0.0456720356814112,0.996686773263361
ecg_db_patient_04-1,s0020bre,11,s0020bre.dat,7,18.8574122487464,205.164405619818,110373.078745721,38127.8208504572,0.456844581869445,0.0445447715506273,0.996441916171508
ecg_db_patient_04-1,s0020bre,11,s0020bre.dat,8,12.000150001875,212.92448918628,114394.965520255,29565.9684441691,0.488658664727454,0.0468080123855816,0.996525949322987
ecg_db_patient_04-1,s0020bre,11,s0020bre.dat,9,18.0002000022222,131.59857375893,103140.327704654,25544.9111231832,0.481410093679049,0.0445091169821109,0.996636353112241
ecg_db_patient_04-1,s0020bre,11,s0020bre.dat,10,13.80013800138,184.584387486851,102615.098524582,28363.4770695185,0.463674689318441,0.0444241779851603,0.996663385813485
ecg_db_patient_04-1,s0020bre,11,s0020bre.dat,11,13.6364876044328,171.233329877304,108547.386707113,33154.094190832,0.439398373157244,0.0445397344036555,0.996480786229963
ecg_db_patient_04-1,s0020bre,12,s0020bre.dat,1,84.008400840084,5.63528262435981,86392.9136207061,16889.4785303612,0.458694333151649,0.0471037050894918,0.997647826013967
ecg_db_patient_04-1,s0020bre,12,s0020bre.dat,2,39.0019500975049,5.74390322362959,73719.4465319736,16469.1781069745,0.434073446131142,0.0476222994965398,0.997942874059813
ecg_db_patient_04-1,s0020bre,12,s0020bre.dat,3,28.0009333644455,5.81664278887174,84748.291670512,19203.09520803,0.472536980185642,0.0460994318301166,0.99768849150401
ecg_db_patient_04-1,s0020bre,12,s0020bre.dat,4,19.5004875121878,5.86915408700179,75459.3220458109,16240.1490819546,0.467944992126916,0.0465693596613245,0.997918957392133
ecg_db_patient_04-1,s0020bre,12,s0020bre.dat,5,18.0003600072001,139.492821509737,80968.401579203,16193.7193687747,0.462063093352147,0.0450401691868152,0.997749314451558
ecg_db_patient_04-1,s0020bre,12,s0020bre.dat,6,14.0002333372223,147.494154599515,77458.8726020622,15249.6138684455,0.461792017994408,0.0482270410245878,0.997885008069101
ecg_db_patient_04-1,s0020bre,12,s0020bre.dat,7,12.8573265332362,141.407601953042,81905.2055819003,22217.4927822858,0.452738808782717,0.0451041951277228,0.997713566961904
ecg_db_patient_04-1,s0020bre,12,s0020bre.dat,8,9.75012187652346,9.9738293913258,90247.1289364368,17189.5994272875,0.477142461079177,0.0470555229432045,0.997706172079245
ecg_db_patient_04-1,s0020bre,12,s0020bre.dat,9,10.6667851865021,176.082556395194,71551.6046259326,13601.7009012988,0.461143853472758,0.0446019532517694,0.997881057882863
ecg_db_patient_04-1,s0020bre,12,s0020bre.dat,10,7.80007800078001,6.76891289781304,78877.2768374546,16684.534884436,0.493838158901957,0.0453148132869463,0.997857311687119
ecg_db_patient_04-1,s0020bre,12,s0020bre.dat,11,7.63643305848235,8.43451395404787,79825.2173815979,18834.0277238409,0.46134304607316,0.0456136904407546,0.997752843991412
