En_Total,Hurst_Exp,Higuchi_FD,Katz_FD,En_D5
564.04237956382,0.220524858068971,0.038199788988216,0.999998722913218,29.0849685408837
